time,temperature_2m,relative_humidity_2m,apparent_temperature,precipitation,rain,showers,weather_code,cloud_cover,wind_speed_10m,uv_index,visibility,city,latitude,longitude
2026-04-07T00:00,23.2,96,27.9,0.0,0.0,0.0,3,93,3.2,0.0,24140.0,Bandung (Central),-6.9175,107.6191
2026-04-07T01:00,22.3,97,26.5,0.0,0.0,0.0,45,95,4.0,0.0,24140.0,Bandung (Central),-6.9175,107.6191
2026-04-07T02:00,22.1,97,26.3,0.0,0.0,0.0,45,100,4.0,0.0,24140.0,Bandung (Central),-6.9175,107.6191
2026-04-07T03:00,21.8,97,25.9,0.0,0.0,0.0,45,100,3.2,0.0,24140.0,Bandung (Central),-6.9175,107.6191
2026-04-07T04:00,21.5,98,25.6,0.0,0.0,0.0,45,100,2.7,0.0,24140.0,Bandung (Central),-6.9175,107.6191
2026-04-07T05:00,21.2,97,24.9,0.0,0.0,0.0,45,100,3.2,0.0,24140.0,Bandung (Central),-6.9175,107.6191
2026-04-07T06:00,20.8,98,24.4,0.0,0.0,0.0,45,100,3.4,0.0,24140.0,Bandung (Central),-6.9175,107.6191
2026-04-07T07:00,21.7,97,25.7,0.0,0.0,0.0,45,100,3.5,0.45,24140.0,Bandung (Central),-6.9175,107.6191
2026-04-07T08:00,24.0,87,28.4,0.0,0.0,0.0,3,100,2.8,1.9,24140.0,Bandung (Central),-6.9175,107.6191
2026-04-07T09:00,25.2,82,29.9,0.0,0.0,0.0,3,100,1.1,4.15,24140.0,Bandung (Central),-6.9175,107.6191
2026-04-07T10:00,26.4,77,31.4,0.0,0.0,0.0,3,100,3.1,6.15,9840.0,Bandung (Central),-6.9175,107.6191
2026-04-07T11:00,27.6,71,33.0,0.0,0.0,0.0,3,100,6.0,7.6,11060.0,Bandung (Central),-6.9175,107.6191
2026-04-07T12:00,28.0,71,33.4,0.0,0.0,0.0,3,100,8.2,8.35,21900.0,Bandung (Central),-6.9175,107.6191
2026-04-07T13:00,27.8,73,32.2,0.1,0.0,0.1,3,100,10.1,7.75,21460.0,Bandung (Central),-6.9175,107.6191
2026-04-07T14:00,27.6,74,31.3,0.2,0.0,0.2,3,100,10.9,5.2,24140.0,Bandung (Central),-6.9175,107.6191
2026-04-07T15:00,27.4,73,31.0,0.1,0.0,0.1,3,100,9.8,2.45,21140.0,Bandung (Central),-6.9175,107.6191
2026-04-07T16:00,26.9,73,30.3,0.0,0.0,0.0,3,100,9.9,1.35,24140.0,Bandung (Central),-6.9175,107.6191
2026-04-07T17:00,25.9,78,29.4,0.1,0.0,0.1,3,100,9.2,0.65,20920.0,Bandung (Central),-6.9175,107.6191
2026-04-07T18:00,24.8,86,29.1,0.1,0.0,0.1,3,100,5.9,0.1,10440.0,Bandung (Central),-6.9175,107.6191
2026-04-07T19:00,24.2,90,28.7,0.2,0.0,0.2,80,100,4.6,0.0,21020.0,Bandung (Central),-6.9175,107.6191
2026-04-07T20:00,23.8,93,28.6,0.1,0.0,0.1,3,100,3.7,0.0,24140.0,Bandung (Central),-6.9175,107.6191
2026-04-07T21:00,23.5,94,28.4,0.6,0.0,0.6,80,100,2.7,0.0,24140.0,Bandung (Central),-6.9175,107.6191
2026-04-07T22:00,23.3,95,28.2,0.5,0.0,0.5,80,100,2.5,0.0,10000.0,Bandung (Central),-6.9175,107.6191
2026-04-07T23:00,23.2,96,28.1,0.2,0.0,0.2,45,75,2.9,0.0,5860.0,Bandung (Central),-6.9175,107.6191
2026-04-08T00:00,22.9,97,27.6,0.3,0.0,0.3,80,100,3.6,0.0,10380.0,Bandung (Central),-6.9175,107.6191
2026-04-08T01:00,22.7,97,27.4,0.2,0.0,0.2,45,100,2.6,0.0,6020.0,Bandung (Central),-6.9175,107.6191
2026-04-08T02:00,22.6,97,27.2,0.0,0.0,0.0,45,100,2.9,0.0,13340.0,Bandung (Central),-6.9175,107.6191
2026-04-08T03:00,22.4,97,26.8,0.0,0.0,0.0,45,100,3.4,0.0,24140.0,Bandung (Central),-6.9175,107.6191
2026-04-08T04:00,22.2,97,26.5,0.0,0.0,0.0,45,55,3.3,0.0,24140.0,Bandung (Central),-6.9175,107.6191
2026-04-08T05:00,21.8,97,25.9,0.0,0.0,0.0,45,59,3.5,0.0,24140.0,Bandung (Central),-6.9175,107.6191
2026-04-08T06:00,21.4,98,25.3,0.0,0.0,0.0,45,54,3.8,0.0,24140.0,Bandung (Central),-6.9175,107.6191
2026-04-08T07:00,22.4,97,26.7,0.0,0.0,0.0,45,50,3.9,0.5,24140.0,Bandung (Central),-6.9175,107.6191
2026-04-08T08:00,24.6,84,29.0,0.0,0.0,0.0,2,53,2.4,2.15,24140.0,Bandung (Central),-6.9175,107.6191
2026-04-08T09:00,25.8,81,30.9,0.0,0.0,0.0,1,36,1.6,4.55,18220.0,Bandung (Central),-6.9175,107.6191
2026-04-08T10:00,27.2,74,32.6,0.0,0.0,0.0,2,53,5.8,6.75,7940.0,Bandung (Central),-6.9175,107.6191
2026-04-08T11:00,28.1,68,32.9,0.0,0.0,0.0,1,44,9.5,8.4,16240.0,Bandung (Central),-6.9175,107.6191
2026-04-08T12:00,28.6,66,33.1,0.0,0.0,0.0,1,41,12.3,8.95,7400.0,Bandung (Central),-6.9175,107.6191
2026-04-08T13:00,28.4,67,32.5,0.0,0.0,0.0,2,73,13.2,8.5,6220.0,Bandung (Central),-6.9175,107.6191
2026-04-08T14:00,28.1,68,31.3,0.3,0.0,0.3,80,100,12.2,7.35,5200.0,Bandung (Central),-6.9175,107.6191
2026-04-08T15:00,27.5,71,30.7,0.1,0.0,0.1,3,100,10.8,5.25,4560.0,Bandung (Central),-6.9175,107.6191
2026-04-08T16:00,26.8,72,29.9,0.2,0.0,0.2,80,100,10.2,3.15,14380.0,Bandung (Central),-6.9175,107.6191
2026-04-08T17:00,25.5,80,29.0,0.0,0.0,0.0,3,100,8.7,0.8,5140.0,Bandung (Central),-6.9175,107.6191
2026-04-08T18:00,24.6,87,28.9,0.0,0.0,0.0,3,100,5.1,0.1,8180.0,Bandung (Central),-6.9175,107.6191
2026-04-08T19:00,24.1,91,28.8,0.0,0.0,0.0,3,100,3.2,0.0,19620.0,Bandung (Central),-6.9175,107.6191
2026-04-08T20:00,23.8,93,28.8,0.0,0.0,0.0,3,100,2.2,0.0,11400.0,Bandung (Central),-6.9175,107.6191
2026-04-08T21:00,23.7,94,28.7,0.0,0.0,0.0,3,100,1.8,0.0,19800.0,Bandung (Central),-6.9175,107.6191
2026-04-08T22:00,23.6,94,28.5,0.0,0.0,0.0,3,100,2.1,0.0,20680.0,Bandung (Central),-6.9175,107.6191
2026-04-08T23:00,23.5,95,28.5,0.0,0.0,0.0,3,99,1.9,0.0,21660.0,Bandung (Central),-6.9175,107.6191
2026-04-09T00:00,23.3,95,28.1,0.0,0.0,0.0,3,100,2.5,0.0,24140.0,Bandung (Central),-6.9175,107.6191
2026-04-09T01:00,23.0,96,27.7,0.0,0.0,0.0,45,100,3.2,0.0,24140.0,Bandung (Central),-6.9175,107.6191
2026-04-09T02:00,22.8,97,27.4,0.0,0.0,0.0,45,99,3.3,0.0,24140.0,Bandung (Central),-6.9175,107.6191
2026-04-09T03:00,22.6,97,27.2,0.0,0.0,0.0,45,80,3.3,0.0,24140.0,Bandung (Central),-6.9175,107.6191
2026-04-09T04:00,22.4,97,26.9,0.0,0.0,0.0,45,90,3.1,0.0,24140.0,Bandung (Central),-6.9175,107.6191
2026-04-09T05:00,22.2,98,26.7,0.0,0.0,0.0,45,90,2.9,0.0,24140.0,Bandung (Central),-6.9175,107.6191
2026-04-09T06:00,22.1,97,26.4,0.0,0.0,0.0,45,91,2.9,0.0,24140.0,Bandung (Central),-6.9175,107.6191
2026-04-09T07:00,23.0,97,27.8,0.0,0.0,0.0,45,95,3.0,0.5,24140.0,Bandung (Central),-6.9175,107.6191
2026-04-09T08:00,24.8,84,29.5,0.0,0.0,0.0,3,100,1.0,2.25,24140.0,Bandung (Central),-6.9175,107.6191
2026-04-09T09:00,26.1,79,30.7,0.0,0.0,0.0,3,100,3.1,4.6,24140.0,Bandung (Central),-6.9175,107.6191
2026-04-09T10:00,27.1,73,31.6,0.0,0.0,0.0,3,95,6.1,6.75,24140.0,Bandung (Central),-6.9175,107.6191
2026-04-09T11:00,27.9,69,32.1,0.0,0.0,0.0,3,83,10.0,8.35,20600.0,Bandung (Central),-6.9175,107.6191
2026-04-09T12:00,28.5,67,32.8,0.0,0.0,0.0,3,94,12.6,9.05,20680.0,Bandung (Central),-6.9175,107.6191
2026-04-09T13:00,28.2,70,32.2,0.2,0.0,0.2,3,100,13.5,5.9,12540.0,Bandung (Central),-6.9175,107.6191
2026-04-09T14:00,27.8,74,31.3,0.5,0.0,0.5,80,100,12.7,3.35,6720.0,Bandung (Central),-6.9175,107.6191
2026-04-09T15:00,26.8,78,30.4,0.8,0.0,0.8,95,100,11.3,4.5,6700.0,Bandung (Central),-6.9175,107.6191
2026-04-09T16:00,25.6,85,29.9,1.4,0.0,1.4,80,100,7.9,3.5,6100.0,Bandung (Central),-6.9175,107.6191
2026-04-09T17:00,24.9,88,29.6,0.8,0.0,0.8,80,100,4.9,0.95,14940.0,Bandung (Central),-6.9175,107.6191
2026-04-09T18:00,24.5,90,29.4,0.1,0.0,0.1,3,100,3.2,0.1,4900.0,Bandung (Central),-6.9175,107.6191
2026-04-09T19:00,24.1,93,29.2,0.0,0.0,0.0,3,100,2.2,0.0,5540.0,Bandung (Central),-6.9175,107.6191
2026-04-09T20:00,23.8,94,29.1,0.0,0.0,0.0,3,100,1.1,0.0,5080.0,Bandung (Central),-6.9175,107.6191
2026-04-09T21:00,23.7,95,28.8,0.0,0.0,0.0,3,100,2.5,0.0,11660.0,Bandung (Central),-6.9175,107.6191
2026-04-09T22:00,23.6,95,28.7,0.0,0.0,0.0,3,100,2.3,0.0,19920.0,Bandung (Central),-6.9175,107.6191
2026-04-09T23:00,23.5,96,28.5,0.0,0.0,0.0,3,100,2.9,0.0,10000.0,Bandung (Central),-6.9175,107.6191
2026-04-10T00:00,23.4,96,28.4,0.0,0.0,0.0,3,100,2.9,0.0,11260.0,Bandung (Central),-6.9175,107.6191
2026-04-10T01:00,23.1,97,28.0,0.0,0.0,0.0,45,68,2.9,0.0,23280.0,Bandung (Central),-6.9175,107.6191
2026-04-10T02:00,22.9,98,27.8,0.0,0.0,0.0,45,62,2.5,0.0,24140.0,Bandung (Central),-6.9175,107.6191
2026-04-10T03:00,22.7,98,27.5,0.0,0.0,0.0,45,67,2.5,0.0,24140.0,Bandung (Central),-6.9175,107.6191
2026-04-10T04:00,22.5,98,27.1,0.0,0.0,0.0,45,75,2.9,0.0,21840.0,Bandung (Central),-6.9175,107.6191
2026-04-10T05:00,22.3,98,26.7,0.0,0.0,0.0,45,69,3.3,0.0,24140.0,Bandung (Central),-6.9175,107.6191
2026-04-10T06:00,21.8,98,26.1,0.0,0.0,0.0,45,68,2.9,0.0,19920.0,Bandung (Central),-6.9175,107.6191
2026-04-10T07:00,22.6,98,27.3,0.0,0.0,0.0,45,65,3.1,0.5,24140.0,Bandung (Central),-6.9175,107.6191
2026-04-10T08:00,23.9,91,29.0,0.0,0.0,0.0,2,64,0.8,2.0,24140.0,Bandung (Central),-6.9175,107.6191
2026-04-10T09:00,25.7,82,30.6,0.0,0.0,0.0,2,64,2.1,2.3,24140.0,Bandung (Central),-6.9175,107.6191
2026-04-10T10:00,27.1,75,31.9,0.0,0.0,0.0,2,63,5.3,2.65,21080.0,Bandung (Central),-6.9175,107.6191
2026-04-10T11:00,27.6,73,32.5,0.4,0.0,0.4,80,75,8.7,3.35,11680.0,Bandung (Central),-6.9175,107.6191
2026-04-10T12:00,27.6,74,32.4,0.4,0.0,0.4,80,88,11.6,4.5,5380.0,Bandung (Central),-6.9175,107.6191
2026-04-10T13:00,27.4,76,31.8,0.4,0.0,0.4,80,100,13.1,5.9,5560.0,Bandung (Central),-6.9175,107.6191
2026-04-10T14:00,27.0,78,31.0,0.5,0.0,0.5,80,100,11.7,7.55,8360.0,Bandung (Central),-6.9175,107.6191
2026-04-10T15:00,26.3,80,30.2,0.5,0.0,0.5,80,100,9.0,5.3,5540.0,Bandung (Central),-6.9175,107.6191
2026-04-10T16:00,25.7,83,30.0,0.5,0.0,0.5,80,100,6.4,2.55,11660.0,Bandung (Central),-6.9175,107.6191
2026-04-10T17:00,25.2,86,29.9,0.0,0.0,0.0,3,100,4.6,1.25,14820.0,Bandung (Central),-6.9175,107.6191
2026-04-10T18:00,24.8,89,29.8,0.0,0.0,0.0,3,100,3.1,0.05,15200.0,Bandung (Central),-6.9175,107.6191
2026-04-10T19:00,24.5,91,29.7,0.0,0.0,0.0,3,100,2.2,0.0,16900.0,Bandung (Central),-6.9175,107.6191
2026-04-10T20:00,24.3,92,29.5,0.0,0.0,0.0,3,100,1.8,0.0,19160.0,Bandung (Central),-6.9175,107.6191
2026-04-10T21:00,24.1,93,29.3,0.0,0.0,0.0,3,100,1.8,0.0,23960.0,Bandung (Central),-6.9175,107.6191
2026-04-10T22:00,23.9,94,29.1,0.0,0.0,0.0,3,100,1.5,0.0,22140.0,Bandung (Central),-6.9175,107.6191
2026-04-10T23:00,23.6,95,28.8,0.0,0.0,0.0,45,99,1.5,0.0,12840.0,Bandung (Central),-6.9175,107.6191
2026-04-11T00:00,23.3,96,28.3,0.0,0.0,0.0,45,98,2.2,0.0,16740.0,Bandung (Central),-6.9175,107.6191
2026-04-11T01:00,23.1,97,27.9,0.0,0.0,0.0,45,97,2.9,0.0,24140.0,Bandung (Central),-6.9175,107.6191
2026-04-11T02:00,22.8,97,27.5,0.0,0.0,0.0,2,87,2.9,0.0,24140.0,Bandung (Central),-6.9175,107.6191
2026-04-11T03:00,22.6,96,27.2,0.0,0.0,0.0,2,77,2.2,0.0,24140.0,Bandung (Central),-6.9175,107.6191
2026-04-11T04:00,22.5,96,27.0,0.0,0.0,0.0,2,67,2.2,0.0,24140.0,Bandung (Central),-6.9175,107.6191
2026-04-11T05:00,22.3,97,26.8,0.0,0.0,0.0,45,62,2.9,0.0,24140.0,Bandung (Central),-6.9175,107.6191
2026-04-11T06:00,22.2,98,26.5,0.0,0.0,0.0,45,56,4.0,0.0,24140.0,Bandung (Central),-6.9175,107.6191
2026-04-11T07:00,22.6,96,27.0,0.0,0.0,0.0,45,51,4.0,0.5,24140.0,Bandung (Central),-6.9175,107.6191
2026-04-11T08:00,23.9,90,28.6,0.0,0.0,0.0,2,53,1.8,2.15,17280.0,Bandung (Central),-6.9175,107.6191
2026-04-11T09:00,25.6,81,30.2,0.0,0.0,0.0,2,56,2.3,4.4,14800.0,Bandung (Central),-6.9175,107.6191
2026-04-11T10:00,27.0,74,31.8,0.0,0.0,0.0,2,58,5.4,6.7,20540.0,Bandung (Central),-6.9175,107.6191
2026-04-11T11:00,28.0,70,33.1,0.0,0.0,0.0,3,67,7.9,7.85,24140.0,Bandung (Central),-6.9175,107.6191
2026-04-11T12:00,28.6,69,33.8,0.0,0.0,0.0,3,75,10.3,8.75,20580.0,Bandung (Central),-6.9175,107.6191
2026-04-11T13:00,28.8,69,33.6,0.0,0.0,0.0,3,84,11.8,7.95,12660.0,Bandung (Central),-6.9175,107.6191
2026-04-11T14:00,28.2,72,32.5,0.6,0.0,0.5,95,89,11.8,7.15,11360.0,Bandung (Central),-6.9175,107.6191
2026-04-11T15:00,27.2,78,31.1,0.6,0.0,0.5,95,95,10.7,4.05,15880.0,Bandung (Central),-6.9175,107.6191
2026-04-11T16:00,26.2,83,30.4,0.6,0.0,0.5,95,100,9.5,1.85,7700.0,Bandung (Central),-6.9175,107.6191
2026-04-11T17:00,25.5,87,30.0,2.6,0.0,2.6,96,100,7.7,0.8,11060.0,Bandung (Central),-6.9175,107.6191
2026-04-11T18:00,24.8,90,29.5,2.6,0.0,2.6,96,100,5.4,0.1,15380.0,Bandung (Central),-6.9175,107.6191
2026-04-11T19:00,24.2,92,29.2,2.6,0.0,2.6,96,100,3.1,0.0,24140.0,Bandung (Central),-6.9175,107.6191
2026-04-11T20:00,23.9,93,29.2,0.1,0.0,0.1,45,100,0.8,0.0,20900.0,Bandung (Central),-6.9175,107.6191
2026-04-11T21:00,23.8,94,29.0,0.1,0.0,0.1,45,100,1.3,0.0,20520.0,Bandung (Central),-6.9175,107.6191
2026-04-11T22:00,23.7,95,28.7,0.1,0.0,0.1,45,100,2.8,0.0,20500.0,Bandung (Central),-6.9175,107.6191
2026-04-11T23:00,23.5,96,28.4,0.0,0.0,0.0,45,100,3.1,0.0,22900.0,Bandung (Central),-6.9175,107.6191
2026-04-12T00:00,23.3,97,28.2,0.0,0.0,0.0,45,100,2.9,0.0,22580.0,Bandung (Central),-6.9175,107.6191
2026-04-12T01:00,23.1,97,28.0,0.0,0.0,0.0,45,100,2.6,0.0,20040.0,Bandung (Central),-6.9175,107.6191
2026-04-12T02:00,23.1,96,27.9,0.0,0.0,0.0,45,92,2.9,0.0,21400.0,Bandung (Central),-6.9175,107.6191
2026-04-12T03:00,22.9,96,27.6,0.0,0.0,0.0,45,85,2.5,0.0,22780.0,Bandung (Central),-6.9175,107.6191
2026-04-12T04:00,22.7,97,27.4,0.0,0.0,0.0,45,77,2.7,0.0,24140.0,Bandung (Central),-6.9175,107.6191
2026-04-12T05:00,22.6,97,27.3,0.0,0.0,0.0,45,84,2.0,0.0,24140.0,Bandung (Central),-6.9175,107.6191
2026-04-12T06:00,22.6,98,27.3,0.0,0.0,0.0,45,90,2.6,0.0,24140.0,Bandung (Central),-6.9175,107.6191
2026-04-12T07:00,23.0,96,27.6,0.0,0.0,0.0,45,97,3.1,0.15,24140.0,Bandung (Central),-6.9175,107.6191
2026-04-12T08:00,24.2,91,29.4,0.0,0.0,0.0,3,96,1.3,1.25,24140.0,Bandung (Central),-6.9175,107.6191
2026-04-12T09:00,25.9,84,31.1,0.0,0.0,0.0,3,96,2.2,2.8,24140.0,Bandung (Central),-6.9175,107.6191
2026-04-12T10:00,27.2,79,32.6,0.0,0.0,0.0,3,95,5.0,4.35,24140.0,Bandung (Central),-6.9175,107.6191
2026-04-12T11:00,27.9,76,33.7,0.1,0.0,0.0,3,97,7.7,6.05,22780.0,Bandung (Central),-6.9175,107.6191
2026-04-12T12:00,28.3,74,33.9,0.1,0.0,0.0,3,98,10.0,7.8,21440.0,Bandung (Central),-6.9175,107.6191
2026-04-12T13:00,28.3,74,33.4,0.1,0.0,0.0,3,100,11.5,8.55,20080.0,Bandung (Central),-6.9175,107.6191
2026-04-12T14:00,27.7,76,32.0,1.3,0.0,1.3,95,100,10.7,7.65,14940.0,Bandung (Central),-6.9175,107.6191
2026-04-12T15:00,26.8,80,31.1,1.3,0.0,1.3,95,100,8.6,5.8,9780.0,Bandung (Central),-6.9175,107.6191
2026-04-12T16:00,26.0,84,30.7,1.3,0.0,1.3,95,100,6.5,4.05,4640.0,Bandung (Central),-6.9175,107.6191
2026-04-12T17:00,25.4,87,30.2,0.6,0.0,0.6,3,100,4.8,2.65,4960.0,Bandung (Central),-6.9175,107.6191
2026-04-12T18:00,24.8,90,29.9,0.6,0.0,0.6,3,100,3.3,1.3,5300.0,Bandung (Central),-6.9175,107.6191
2026-04-12T19:00,24.4,92,29.6,0.6,0.0,0.6,3,100,2.4,0.35,5620.0,Bandung (Central),-6.9175,107.6191
2026-04-12T20:00,24.2,93,29.4,0.0,0.0,0.0,3,100,2.3,0.0,7320.0,Bandung (Central),-6.9175,107.6191
2026-04-12T21:00,24.1,94,29.3,0.0,0.0,0.0,3,100,2.7,0.0,9000.0,Bandung (Central),-6.9175,107.6191
2026-04-12T22:00,24.1,94,29.1,0.0,0.0,0.0,3,100,3.3,0.0,10700.0,Bandung (Central),-6.9175,107.6191
2026-04-12T23:00,24.1,93,29.2,0.0,0.0,0.0,3,100,2.3,0.0,12660.0,Bandung (Central),-6.9175,107.6191
2026-04-13T00:00,24.1,92,29.4,0.0,0.0,0.0,3,100,0.7,0.0,14640.0,Bandung (Central),-6.9175,107.6191
2026-04-13T01:00,24.1,91,29.2,0.0,0.0,0.0,3,100,1.1,0.0,16600.0,Bandung (Central),-6.9175,107.6191
2026-04-13T02:00,24.0,91,29.1,0.0,0.0,0.0,3,100,1.0,0.0,18140.0,Bandung (Central),-6.9175,107.6191
2026-04-13T03:00,23.9,91,28.8,0.0,0.0,0.0,3,100,1.6,0.0,19680.0,Bandung (Central),-6.9175,107.6191
2026-04-13T04:00,23.7,92,28.4,0.0,0.0,0.0,3,100,2.9,0.0,21220.0,Bandung (Central),-6.9175,107.6191
2026-04-13T05:00,23.4,94,28.1,0.0,0.0,0.0,45,87,3.7,0.0,17040.0,Bandung (Central),-6.9175,107.6191
2026-04-13T06:00,23.2,96,27.8,0.0,0.0,0.0,45,75,4.2,0.0,12880.0,Bandung (Central),-6.9175,107.6191
2026-04-13T07:00,23.4,96,28.2,0.0,0.0,0.0,45,62,3.9,0.0,8700.0,Bandung (Central),-6.9175,107.6191
2026-04-13T08:00,24.6,91,29.8,0.0,0.0,0.0,2,59,2.6,0.4,13320.0,Bandung (Central),-6.9175,107.6191
2026-04-13T09:00,26.3,83,31.8,0.0,0.0,0.0,2,57,1.1,0.95,17960.0,Bandung (Central),-6.9175,107.6191
2026-04-13T10:00,27.7,76,33.9,0.0,0.0,0.0,2,54,2.6,1.4,22580.0,Bandung (Central),-6.9175,107.6191
2026-04-13T11:00,28.6,72,35.1,0.0,0.0,0.0,2,62,5.1,1.65,22740.0,Bandung (Central),-6.9175,107.6191
2026-04-13T12:00,29.3,70,35.4,0.0,0.0,0.0,2,69,8.2,1.75,22920.0,Bandung (Central),-6.9175,107.6191
2026-04-13T13:00,29.4,70,35.0,0.0,0.0,0.0,2,77,9.9,1.9,23080.0,Bandung (Central),-6.9175,107.6191
2026-04-13T14:00,28.8,72,33.5,3.1,0.0,3.1,96,85,9.0,2.25,21740.0,Bandung (Central),-6.9175,107.6191
2026-04-13T15:00,27.8,77,32.5,3.1,0.0,3.1,96,92,6.8,2.6,20400.0,Bandung (Central),-6.9175,107.6191
2026-04-13T16:00,26.8,81,31.7,3.1,0.0,3.1,96,100,5.1,2.6,19060.0,Bandung (Central),-6.9175,107.6191
2026-04-13T17:00,26.0,85,31.1,1.7,0.0,1.7,80,100,3.9,1.9,20760.0,Bandung (Central),-6.9175,107.6191
2026-04-13T18:00,25.3,89,30.5,1.7,0.0,1.7,80,100,3.1,0.85,22440.0,Bandung (Central),-6.9175,107.6191
2026-04-13T19:00,24.7,92,30.0,1.7,0.0,1.7,80,100,2.5,0.1,24140.0,Bandung (Central),-6.9175,107.6191
2026-04-13T20:00,24.3,94,29.8,0.3,0.0,0.3,45,100,1.8,0.0,24140.0,Bandung (Central),-6.9175,107.6191
2026-04-13T21:00,24.1,95,29.6,0.3,0.0,0.3,45,100,1.3,0.0,24140.0,Bandung (Central),-6.9175,107.6191
2026-04-13T22:00,24.0,96,29.6,0.3,0.0,0.3,45,100,0.8,0.0,24140.0,Bandung (Central),-6.9175,107.6191
2026-04-13T23:00,23.9,96,29.5,0.0,0.0,0.0,3,100,0.5,0.0,24140.0,Bandung (Central),-6.9175,107.6191
2026-04-14T00:00,23.9,95,29.3,0.0,0.0,0.0,3,100,1.1,0.0,24140.0,Bandung (Central),-6.9175,107.6191
2026-04-14T01:00,23.9,94,29.2,0.0,0.0,0.0,3,100,1.4,0.0,24140.0,Bandung (Central),-6.9175,107.6191
2026-04-14T02:00,23.9,93,29.0,0.0,0.0,0.0,3,100,1.4,0.0,23020.0,Bandung (Central),-6.9175,107.6191
2026-04-14T03:00,23.8,93,28.8,0.0,0.0,0.0,3,100,1.5,0.0,21920.0,Bandung (Central),-6.9175,107.6191
2026-04-14T04:00,23.7,93,28.6,0.0,0.0,0.0,3,100,1.9,0.0,20800.0,Bandung (Central),-6.9175,107.6191
2026-04-14T05:00,22.9,92,27.3,0.0,0.0,0.0,45,96,2.4,0.0,20740.0,Bandung (Central),-6.9175,107.6191
2026-04-14T06:00,22.4,92,26.3,0.0,0.0,0.0,45,94,2.9,0.0,20700.0,Bandung (Central),-6.9175,107.6191
2026-04-14T07:00,22.4,88,25.9,0.0,0.0,0.0,45,95,3.2,0.15,20640.0,Bandung (Central),-6.9175,107.6191
2026-04-14T08:00,23.8,78,27.0,0.0,0.0,0.0,3,99,3.3,1.3,20580.0,Bandung (Central),-6.9175,107.6191
2026-04-14T09:00,25.9,69,29.0,0.0,0.0,0.0,3,99,4.2,2.9,20500.0,Bandung (Central),-6.9175,107.6191
2026-04-14T10:00,27.3,63,31.2,0.0,0.0,0.0,3,97,4.6,4.25,20440.0,Bandung (Central),-6.9175,107.6191
2026-04-14T11:00,27.5,63,32.0,0.3,0.0,0.3,51,92,4.4,5.25,16760.0,Bandung (Central),-6.9175,107.6191
2026-04-14T12:00,26.9,66,31.0,0.3,0.0,0.3,51,86,6.5,6.05,13100.0,Bandung (Central),-6.9175,107.6191
2026-04-14T13:00,26.2,70,29.6,0.3,0.0,0.3,51,83,8.7,6.35,9420.0,Bandung (Central),-6.9175,107.6191
2026-04-14T14:00,25.7,73,28.7,0.7,0.0,0.7,53,87,8.6,5.95,8620.0,Bandung (Central),-6.9175,107.6191
2026-04-14T15:00,25.0,76,28.1,0.7,0.0,0.7,53,94,7.0,5.0,7820.0,Bandung (Central),-6.9175,107.6191
2026-04-14T16:00,24.3,80,27.7,0.7,0.0,0.7,53,100,5.8,3.95,7020.0,Bandung (Central),-6.9175,107.6191
2026-04-14T17:00,23.4,86,27.1,2.2,1.8,0.4,80,100,4.9,2.7,5180.0,Bandung (Central),-6.9175,107.6191
2026-04-14T18:00,22.4,92,26.2,2.2,1.8,0.4,80,100,4.3,1.3,3340.0,Bandung (Central),-6.9175,107.6191
2026-04-14T19:00,21.6,97,25.5,2.2,1.8,0.4,80,100,4.0,0.3,1500.0,Bandung (Central),-6.9175,107.6191
2026-04-14T20:00,21.2,98,25.0,5.3,5.1,0.2,81,100,3.3,0.0,4700.0,Bandung (Central),-6.9175,107.6191
2026-04-14T21:00,20.9,97,24.7,5.3,5.1,0.2,81,100,1.9,0.0,7880.0,Bandung (Central),-6.9175,107.6191
2026-04-14T22:00,20.7,96,24.3,5.3,5.1,0.2,81,100,2.1,0.0,11080.0,Bandung (Central),-6.9175,107.6191
2026-04-14T23:00,20.5,95,23.8,0.4,0.4,0.0,51,100,2.6,0.0,15440.0,Bandung (Central),-6.9175,107.6191
2026-04-07T00:00,21.0,96,24.6,0.0,0.0,0.0,3,93,3.2,0.0,24140.0,Bandung (North),-6.85,107.62
2026-04-07T01:00,20.1,97,23.2,0.0,0.0,0.0,45,95,4.0,0.0,24140.0,Bandung (North),-6.85,107.62
2026-04-07T02:00,20.0,97,23.0,0.0,0.0,0.0,45,100,4.0,0.0,24140.0,Bandung (North),-6.85,107.62
2026-04-07T03:00,19.6,97,22.6,0.0,0.0,0.0,45,100,3.2,0.0,24140.0,Bandung (North),-6.85,107.62
2026-04-07T04:00,19.3,98,22.3,0.0,0.0,0.0,45,100,2.7,0.0,24140.0,Bandung (North),-6.85,107.62
2026-04-07T05:00,19.0,97,21.7,0.0,0.0,0.0,45,100,3.2,0.0,24140.0,Bandung (North),-6.85,107.62
2026-04-07T06:00,18.6,98,21.2,0.0,0.0,0.0,45,100,3.4,0.0,24140.0,Bandung (North),-6.85,107.62
2026-04-07T07:00,19.6,97,22.5,0.0,0.0,0.0,45,100,3.5,0.45,24140.0,Bandung (North),-6.85,107.62
2026-04-07T08:00,21.9,87,25.2,0.0,0.0,0.0,3,100,2.8,1.95,24140.0,Bandung (North),-6.85,107.62
2026-04-07T09:00,23.0,82,26.6,0.0,0.0,0.0,3,100,1.1,4.05,24140.0,Bandung (North),-6.85,107.62
2026-04-07T10:00,24.3,77,28.2,0.0,0.0,0.0,3,100,3.1,5.9,23460.0,Bandung (North),-6.85,107.62
2026-04-07T11:00,25.4,71,29.8,0.0,0.0,0.0,3,100,6.0,7.2,24140.0,Bandung (North),-6.85,107.62
2026-04-07T12:00,25.9,71,30.2,0.0,0.0,0.0,3,100,8.2,7.95,23500.0,Bandung (North),-6.85,107.62
2026-04-07T13:00,25.7,73,29.0,0.1,0.0,0.1,3,100,10.1,7.2,18700.0,Bandung (North),-6.85,107.62
2026-04-07T14:00,25.5,74,28.0,0.2,0.0,0.2,3,100,10.9,4.2,24140.0,Bandung (North),-6.85,107.62
2026-04-07T15:00,25.3,73,27.8,0.1,0.0,0.1,3,100,9.8,2.2,24140.0,Bandung (North),-6.85,107.62
2026-04-07T16:00,24.8,73,27.0,0.0,0.0,0.0,3,100,9.9,1.35,24140.0,Bandung (North),-6.85,107.62
2026-04-07T17:00,23.8,78,26.2,0.1,0.0,0.1,3,100,9.2,0.85,24140.0,Bandung (North),-6.85,107.62
2026-04-07T18:00,22.7,86,25.8,0.1,0.0,0.1,3,100,5.9,0.15,24140.0,Bandung (North),-6.85,107.62
2026-04-07T19:00,22.0,90,25.4,0.2,0.0,0.2,80,100,4.6,0.0,24140.0,Bandung (North),-6.85,107.62
2026-04-07T20:00,21.7,93,25.3,0.1,0.0,0.1,3,100,3.7,0.0,24140.0,Bandung (North),-6.85,107.62
2026-04-07T21:00,21.4,94,25.0,0.6,0.0,0.6,80,100,2.7,0.0,24140.0,Bandung (North),-6.85,107.62
2026-04-07T22:00,21.2,95,24.9,0.5,0.0,0.5,80,100,2.5,0.0,12640.0,Bandung (North),-6.85,107.62
2026-04-07T23:00,21.1,96,24.7,0.2,0.0,0.2,45,75,2.9,0.0,24140.0,Bandung (North),-6.85,107.62
2026-04-08T00:00,20.8,97,24.3,0.3,0.0,0.3,80,100,3.6,0.0,4580.0,Bandung (North),-6.85,107.62
2026-04-08T01:00,20.6,97,24.1,0.2,0.0,0.2,45,100,2.6,0.0,6580.0,Bandung (North),-6.85,107.62
2026-04-08T02:00,20.5,97,23.9,0.0,0.0,0.0,45,100,2.9,0.0,11160.0,Bandung (North),-6.85,107.62
2026-04-08T03:00,20.3,97,23.5,0.0,0.0,0.0,45,100,3.4,0.0,24140.0,Bandung (North),-6.85,107.62
2026-04-08T04:00,20.0,97,23.2,0.0,0.0,0.0,45,55,3.3,0.0,11800.0,Bandung (North),-6.85,107.62
2026-04-08T05:00,19.7,97,22.6,0.0,0.0,0.0,45,59,3.5,0.0,14280.0,Bandung (North),-6.85,107.62
2026-04-08T06:00,19.2,98,22.0,0.0,0.0,0.0,45,54,3.8,0.0,20480.0,Bandung (North),-6.85,107.62
2026-04-08T07:00,20.2,97,23.4,0.0,0.0,0.0,45,50,3.9,0.4,24140.0,Bandung (North),-6.85,107.62
2026-04-08T08:00,22.4,84,25.7,0.0,0.0,0.0,2,53,2.4,1.65,24140.0,Bandung (North),-6.85,107.62
2026-04-08T09:00,23.6,81,27.6,0.0,0.0,0.0,1,36,1.6,4.5,8720.0,Bandung (North),-6.85,107.62
2026-04-08T10:00,25.1,74,29.3,0.0,0.0,0.0,2,53,5.8,6.8,22180.0,Bandung (North),-6.85,107.62
2026-04-08T11:00,26.0,68,29.6,0.0,0.0,0.0,1,44,9.5,8.4,17940.0,Bandung (North),-6.85,107.62
2026-04-08T12:00,26.5,66,29.9,0.0,0.0,0.0,1,41,12.3,9.0,6160.0,Bandung (North),-6.85,107.62
2026-04-08T13:00,26.3,67,29.3,0.0,0.0,0.0,2,73,13.2,8.0,5760.0,Bandung (North),-6.85,107.62
2026-04-08T14:00,26.0,68,28.1,0.3,0.0,0.3,80,100,12.2,7.7,9800.0,Bandung (North),-6.85,107.62
2026-04-08T15:00,25.3,71,27.5,0.1,0.0,0.1,3,100,10.8,5.45,17480.0,Bandung (North),-6.85,107.62
2026-04-08T16:00,24.7,72,26.7,0.2,0.0,0.2,80,100,10.2,2.95,11980.0,Bandung (North),-6.85,107.62
2026-04-08T17:00,23.3,80,25.8,0.0,0.0,0.0,3,100,8.7,1.0,7060.0,Bandung (North),-6.85,107.62
2026-04-08T18:00,22.4,87,25.6,0.0,0.0,0.0,3,100,5.1,0.1,13480.0,Bandung (North),-6.85,107.62
2026-04-08T19:00,21.9,91,25.5,0.0,0.0,0.0,3,100,3.2,0.0,24140.0,Bandung (North),-6.85,107.62
2026-04-08T20:00,21.7,93,25.5,0.0,0.0,0.0,3,100,2.2,0.0,24140.0,Bandung (North),-6.85,107.62
2026-04-08T21:00,21.5,94,25.4,0.0,0.0,0.0,3,100,1.8,0.0,8740.0,Bandung (North),-6.85,107.62
2026-04-08T22:00,21.4,94,25.2,0.0,0.0,0.0,3,100,2.1,0.0,20140.0,Bandung (North),-6.85,107.62
2026-04-08T23:00,21.3,95,25.2,0.0,0.0,0.0,3,99,1.9,0.0,20040.0,Bandung (North),-6.85,107.62
2026-04-09T00:00,21.1,95,24.8,0.0,0.0,0.0,3,100,2.5,0.0,24140.0,Bandung (North),-6.85,107.62
2026-04-09T01:00,20.9,96,24.4,0.0,0.0,0.0,45,100,3.2,0.0,24140.0,Bandung (North),-6.85,107.62
2026-04-09T02:00,20.6,97,24.1,0.0,0.0,0.0,45,99,3.3,0.0,24140.0,Bandung (North),-6.85,107.62
2026-04-09T03:00,20.5,97,23.9,0.0,0.0,0.0,45,80,3.3,0.0,24140.0,Bandung (North),-6.85,107.62
2026-04-09T04:00,20.3,97,23.6,0.0,0.0,0.0,45,90,3.1,0.0,24140.0,Bandung (North),-6.85,107.62
2026-04-09T05:00,20.1,98,23.4,0.0,0.0,0.0,45,90,2.9,0.0,24140.0,Bandung (North),-6.85,107.62
2026-04-09T06:00,19.9,97,23.1,0.0,0.0,0.0,45,91,2.9,0.0,24140.0,Bandung (North),-6.85,107.62
2026-04-09T07:00,20.8,97,24.4,0.0,0.0,0.0,45,95,3.0,0.5,24140.0,Bandung (North),-6.85,107.62
2026-04-09T08:00,22.6,84,26.2,0.0,0.0,0.0,3,100,1.0,2.2,24140.0,Bandung (North),-6.85,107.62
2026-04-09T09:00,23.9,79,27.4,0.0,0.0,0.0,3,100,3.1,4.55,24140.0,Bandung (North),-6.85,107.62
2026-04-09T10:00,24.9,73,28.3,0.0,0.0,0.0,3,95,6.1,6.75,24140.0,Bandung (North),-6.85,107.62
2026-04-09T11:00,25.7,69,28.9,0.0,0.0,0.0,3,83,10.0,8.35,24140.0,Bandung (North),-6.85,107.62
2026-04-09T12:00,26.4,67,29.6,0.0,0.0,0.0,3,94,12.6,9.15,18760.0,Bandung (North),-6.85,107.62
2026-04-09T13:00,26.0,70,28.9,0.2,0.0,0.2,3,100,13.5,8.4,7460.0,Bandung (North),-6.85,107.62
2026-04-09T14:00,25.6,74,28.0,0.5,0.0,0.5,80,100,12.7,5.8,5720.0,Bandung (North),-6.85,107.62
2026-04-09T15:00,24.6,78,27.1,0.8,0.0,0.8,95,100,11.3,4.05,5920.0,Bandung (North),-6.85,107.62
2026-04-09T16:00,23.5,85,26.6,1.4,0.0,1.4,80,100,7.9,3.2,4940.0,Bandung (North),-6.85,107.62
2026-04-09T17:00,22.8,88,26.3,0.8,0.0,0.8,80,100,4.9,0.45,5760.0,Bandung (North),-6.85,107.62
2026-04-09T18:00,22.3,90,26.0,0.1,0.0,0.1,3,100,3.2,0.05,15980.0,Bandung (North),-6.85,107.62
2026-04-09T19:00,21.9,93,25.9,0.0,0.0,0.0,3,100,2.2,0.0,16360.0,Bandung (North),-6.85,107.62
2026-04-09T20:00,21.7,94,25.7,0.0,0.0,0.0,3,100,1.1,0.0,16360.0,Bandung (North),-6.85,107.62
2026-04-09T21:00,21.6,95,25.5,0.0,0.0,0.0,3,100,2.5,0.0,21400.0,Bandung (North),-6.85,107.62
2026-04-09T22:00,21.5,95,25.3,0.0,0.0,0.0,3,100,2.3,0.0,23760.0,Bandung (North),-6.85,107.62
2026-04-09T23:00,21.4,96,25.2,0.0,0.0,0.0,3,100,2.9,0.0,18040.0,Bandung (North),-6.85,107.62
2026-04-10T00:00,21.3,96,25.0,0.0,0.0,0.0,3,100,2.9,0.0,22040.0,Bandung (North),-6.85,107.62
2026-04-10T01:00,21.0,97,24.7,0.0,0.0,0.0,45,68,2.9,0.0,24060.0,Bandung (North),-6.85,107.62
2026-04-10T02:00,20.8,98,24.5,0.0,0.0,0.0,45,62,2.5,0.0,24140.0,Bandung (North),-6.85,107.62
2026-04-10T03:00,20.5,98,24.1,0.0,0.0,0.0,45,67,2.5,0.0,24140.0,Bandung (North),-6.85,107.62
2026-04-10T04:00,20.3,98,23.8,0.0,0.0,0.0,45,75,2.9,0.0,24140.0,Bandung (North),-6.85,107.62
2026-04-10T05:00,20.1,98,23.4,0.0,0.0,0.0,45,69,3.3,0.0,24140.0,Bandung (North),-6.85,107.62
2026-04-10T06:00,19.7,98,22.8,0.0,0.0,0.0,45,68,2.9,0.0,23920.0,Bandung (North),-6.85,107.62
2026-04-10T07:00,20.5,98,24.0,0.0,0.0,0.0,45,65,3.1,0.45,24140.0,Bandung (North),-6.85,107.62
2026-04-10T08:00,21.8,91,25.7,0.0,0.0,0.0,2,64,0.8,0.8,24140.0,Bandung (North),-6.85,107.62
2026-04-10T09:00,23.6,82,27.3,0.0,0.0,0.0,2,64,2.1,1.25,24140.0,Bandung (North),-6.85,107.62
2026-04-10T10:00,24.9,75,28.6,0.0,0.0,0.0,2,63,5.3,2.05,24140.0,Bandung (North),-6.85,107.62
2026-04-10T11:00,25.4,73,29.2,0.4,0.0,0.4,80,75,8.7,3.2,22740.0,Bandung (North),-6.85,107.62
2026-04-10T12:00,25.5,74,29.1,0.4,0.0,0.4,80,88,11.6,4.75,7360.0,Bandung (North),-6.85,107.62
2026-04-10T13:00,25.3,76,28.5,0.4,0.0,0.4,80,100,13.1,8.45,8720.0,Bandung (North),-6.85,107.62
2026-04-10T14:00,24.8,78,27.7,0.5,0.0,0.5,80,100,11.7,7.7,7140.0,Bandung (North),-6.85,107.62
2026-04-10T15:00,24.1,80,26.9,0.5,0.0,0.5,80,100,9.0,3.7,7020.0,Bandung (North),-6.85,107.62
2026-04-10T16:00,23.5,83,26.7,0.5,0.0,0.5,80,100,6.4,1.0,22040.0,Bandung (North),-6.85,107.62
2026-04-10T17:00,23.1,86,26.6,0.0,0.0,0.0,3,100,4.6,0.35,11320.0,Bandung (North),-6.85,107.62
2026-04-10T18:00,22.7,89,26.5,0.0,0.0,0.0,3,100,3.1,0.05,18160.0,Bandung (North),-6.85,107.62
2026-04-10T19:00,22.4,91,26.4,0.0,0.0,0.0,3,100,2.2,0.0,22200.0,Bandung (North),-6.85,107.62
2026-04-10T20:00,22.1,92,26.1,0.0,0.0,0.0,3,100,1.8,0.0,24140.0,Bandung (North),-6.85,107.62
2026-04-10T21:00,21.9,93,25.9,0.0,0.0,0.0,3,100,1.8,0.0,24140.0,Bandung (North),-6.85,107.62
2026-04-10T22:00,21.7,94,25.8,0.0,0.0,0.0,3,100,1.5,0.0,24140.0,Bandung (North),-6.85,107.62
2026-04-10T23:00,21.5,95,25.5,0.0,0.0,0.0,45,99,1.5,0.0,24140.0,Bandung (North),-6.85,107.62
2026-04-11T00:00,21.2,96,25.0,0.0,0.0,0.0,45,98,2.2,0.0,24140.0,Bandung (North),-6.85,107.62
2026-04-11T01:00,20.9,97,24.6,0.0,0.0,0.0,45,97,2.9,0.0,24140.0,Bandung (North),-6.85,107.62
2026-04-11T02:00,20.7,97,24.2,0.0,0.0,0.0,2,87,2.9,0.0,24140.0,Bandung (North),-6.85,107.62
2026-04-11T03:00,20.5,96,23.9,0.0,0.0,0.0,2,77,2.2,0.0,24140.0,Bandung (North),-6.85,107.62
2026-04-11T04:00,20.3,96,23.7,0.0,0.0,0.0,2,67,2.2,0.0,24140.0,Bandung (North),-6.85,107.62
2026-04-11T05:00,20.2,97,23.5,0.0,0.0,0.0,45,62,2.9,0.0,24140.0,Bandung (North),-6.85,107.62
2026-04-11T06:00,20.1,98,23.2,0.0,0.0,0.0,45,56,4.0,0.0,24140.0,Bandung (North),-6.85,107.62
2026-04-11T07:00,20.5,96,23.7,0.0,0.0,0.0,45,51,4.0,0.5,24140.0,Bandung (North),-6.85,107.62
2026-04-11T08:00,21.7,90,25.3,0.0,0.0,0.0,2,53,1.8,2.25,24140.0,Bandung (North),-6.85,107.62
2026-04-11T09:00,23.4,81,27.0,0.0,0.0,0.0,2,56,2.3,2.95,24140.0,Bandung (North),-6.85,107.62
2026-04-11T10:00,24.9,74,28.6,0.0,0.0,0.0,2,58,5.4,6.7,8720.0,Bandung (North),-6.85,107.62
2026-04-11T11:00,25.8,70,29.8,0.0,0.0,0.0,3,67,7.9,8.1,9380.0,Bandung (North),-6.85,107.62
2026-04-11T12:00,26.5,69,30.5,0.0,0.0,0.0,3,75,10.3,9.15,22440.0,Bandung (North),-6.85,107.62
2026-04-11T13:00,26.6,69,30.3,0.0,0.0,0.0,3,84,11.8,8.75,19100.0,Bandung (North),-6.85,107.62
2026-04-11T14:00,26.1,72,29.2,0.6,0.0,0.5,95,89,11.8,7.8,9820.0,Bandung (North),-6.85,107.62
2026-04-11T15:00,25.0,78,27.8,0.6,0.0,0.5,95,95,10.7,5.5,15960.0,Bandung (North),-6.85,107.62
2026-04-11T16:00,24.1,83,27.1,0.6,0.0,0.5,95,100,9.5,2.15,16520.0,Bandung (North),-6.85,107.62
2026-04-11T17:00,23.3,87,26.6,2.6,0.0,2.6,96,100,7.7,0.55,23460.0,Bandung (North),-6.85,107.62
2026-04-11T18:00,22.6,90,26.2,2.6,0.0,2.6,96,100,5.4,0.1,24140.0,Bandung (North),-6.85,107.62
2026-04-11T19:00,22.1,92,25.9,2.6,0.0,2.6,96,100,3.1,0.0,15700.0,Bandung (North),-6.85,107.62
2026-04-11T20:00,21.8,93,25.8,0.1,0.0,0.1,45,100,0.8,0.0,24140.0,Bandung (North),-6.85,107.62
2026-04-11T21:00,21.7,94,25.7,0.1,0.0,0.1,45,100,1.3,0.0,24140.0,Bandung (North),-6.85,107.62
2026-04-11T22:00,21.5,95,25.3,0.1,0.0,0.1,45,100,2.8,0.0,23440.0,Bandung (North),-6.85,107.62
2026-04-11T23:00,21.3,96,25.1,0.0,0.0,0.0,45,100,3.1,0.0,24140.0,Bandung (North),-6.85,107.62
2026-04-12T00:00,21.1,97,24.9,0.0,0.0,0.0,45,100,2.9,0.0,24140.0,Bandung (North),-6.85,107.62
2026-04-12T01:00,21.0,97,24.7,0.0,0.0,0.0,45,100,2.6,0.0,23440.0,Bandung (North),-6.85,107.62
2026-04-12T02:00,21.0,96,24.6,0.0,0.0,0.0,45,92,2.9,0.0,23680.0,Bandung (North),-6.85,107.62
2026-04-12T03:00,20.7,96,24.3,0.0,0.0,0.0,45,85,2.5,0.0,23900.0,Bandung (North),-6.85,107.62
2026-04-12T04:00,20.6,97,24.1,0.0,0.0,0.0,45,77,2.7,0.0,24140.0,Bandung (North),-6.85,107.62
2026-04-12T05:00,20.4,97,24.0,0.0,0.0,0.0,45,84,2.0,0.0,24140.0,Bandung (North),-6.85,107.62
2026-04-12T06:00,20.4,98,24.0,0.0,0.0,0.0,45,90,2.6,0.0,24140.0,Bandung (North),-6.85,107.62
2026-04-12T07:00,20.8,96,24.3,0.0,0.0,0.0,45,97,3.1,0.15,24140.0,Bandung (North),-6.85,107.62
2026-04-12T08:00,22.1,91,26.0,0.0,0.0,0.0,3,96,1.3,1.25,24140.0,Bandung (North),-6.85,107.62
2026-04-12T09:00,23.7,84,27.7,0.0,0.0,0.0,3,96,2.2,2.85,24140.0,Bandung (North),-6.85,107.62
2026-04-12T10:00,25.1,79,29.3,0.0,0.0,0.0,3,95,5.0,4.4,24140.0,Bandung (North),-6.85,107.62
2026-04-12T11:00,25.8,76,30.3,0.1,0.0,0.0,3,97,7.7,6.1,18060.0,Bandung (North),-6.85,107.62
2026-04-12T12:00,26.1,74,30.6,0.1,0.0,0.0,3,98,10.0,7.75,11980.0,Bandung (North),-6.85,107.62
2026-04-12T13:00,26.1,74,30.1,0.1,0.0,0.0,3,100,11.5,8.55,5900.0,Bandung (North),-6.85,107.62
2026-04-12T14:00,25.6,76,28.7,1.3,0.0,1.3,95,100,10.7,7.85,5460.0,Bandung (North),-6.85,107.62
2026-04-12T15:00,24.7,80,27.8,1.3,0.0,1.3,95,100,8.6,6.3,5040.0,Bandung (North),-6.85,107.62
2026-04-12T16:00,23.9,84,27.3,1.3,0.0,1.3,95,100,6.5,4.65,4600.0,Bandung (North),-6.85,107.62
2026-04-12T17:00,23.2,87,26.9,0.6,0.0,0.6,3,100,4.8,3.05,5320.0,Bandung (North),-6.85,107.62
2026-04-12T18:00,22.7,90,26.6,0.6,0.0,0.6,3,100,3.3,1.35,6020.0,Bandung (North),-6.85,107.62
2026-04-12T19:00,22.3,92,26.3,0.6,0.0,0.6,3,100,2.4,0.15,6740.0,Bandung (North),-6.85,107.62
2026-04-12T20:00,22.1,93,26.1,0.0,0.0,0.0,3,100,2.3,0.0,5900.0,Bandung (North),-6.85,107.62
2026-04-12T21:00,22.0,94,26.0,0.0,0.0,0.0,3,100,2.7,0.0,5060.0,Bandung (North),-6.85,107.62
2026-04-12T22:00,21.9,94,25.8,0.0,0.0,0.0,3,100,3.3,0.0,4220.0,Bandung (North),-6.85,107.62
2026-04-12T23:00,21.9,93,25.8,0.0,0.0,0.0,3,100,2.3,0.0,3720.0,Bandung (North),-6.85,107.62
2026-04-13T00:00,22.0,92,26.1,0.0,0.0,0.0,3,100,0.7,0.0,3200.0,Bandung (North),-6.85,107.62
2026-04-13T01:00,22.0,91,25.9,0.0,0.0,0.0,3,100,1.1,0.0,2700.0,Bandung (North),-6.85,107.62
2026-04-13T02:00,21.9,91,25.8,0.0,0.0,0.0,3,100,1.0,0.0,9200.0,Bandung (North),-6.85,107.62
2026-04-13T03:00,21.7,91,25.5,0.0,0.0,0.0,3,100,1.6,0.0,15680.0,Bandung (North),-6.85,107.62
2026-04-13T04:00,21.6,92,25.1,0.0,0.0,0.0,3,100,2.9,0.0,22180.0,Bandung (North),-6.85,107.62
2026-04-13T05:00,21.3,94,24.8,0.0,0.0,0.0,45,87,3.7,0.0,16340.0,Bandung (North),-6.85,107.62
2026-04-13T06:00,21.0,96,24.5,0.0,0.0,0.0,45,75,4.2,0.0,10480.0,Bandung (North),-6.85,107.62
2026-04-13T07:00,21.3,96,24.9,0.0,0.0,0.0,45,62,3.9,0.0,4640.0,Bandung (North),-6.85,107.62
2026-04-13T08:00,22.5,91,26.5,0.0,0.0,0.0,2,59,2.6,0.25,10740.0,Bandung (North),-6.85,107.62
2026-04-13T09:00,24.2,83,28.5,0.0,0.0,0.0,2,57,1.1,0.55,16820.0,Bandung (North),-6.85,107.62
2026-04-13T10:00,25.6,76,30.6,0.0,0.0,0.0,2,54,2.6,0.9,22920.0,Bandung (North),-6.85,107.62
2026-04-13T11:00,26.5,72,31.8,0.0,0.0,0.0,2,62,5.1,1.15,23260.0,Bandung (North),-6.85,107.62
2026-04-13T12:00,27.1,70,32.1,0.0,0.0,0.0,2,69,8.2,1.4,23620.0,Bandung (North),-6.85,107.62
2026-04-13T13:00,27.3,70,31.6,0.0,0.0,0.0,2,77,9.9,1.7,23960.0,Bandung (North),-6.85,107.62
2026-04-13T14:00,26.7,72,30.2,3.1,0.0,3.1,96,85,9.0,2.2,24020.0,Bandung (North),-6.85,107.62
2026-04-13T15:00,25.6,77,29.2,3.1,0.0,3.1,96,92,6.8,2.7,24080.0,Bandung (North),-6.85,107.62
2026-04-13T16:00,24.6,81,28.3,3.1,0.0,3.1,96,100,5.1,2.8,24140.0,Bandung (North),-6.85,107.62
2026-04-13T17:00,23.8,85,27.7,1.7,0.0,1.7,80,100,3.9,2.1,24140.0,Bandung (North),-6.85,107.62
2026-04-13T18:00,23.1,89,27.2,1.7,0.0,1.7,80,100,3.1,1.0,24140.0,Bandung (North),-6.85,107.62
2026-04-13T19:00,22.5,92,26.6,1.7,0.0,1.7,80,100,2.5,0.15,24140.0,Bandung (North),-6.85,107.62
2026-04-13T20:00,22.2,94,26.4,0.3,0.0,0.3,45,100,1.8,0.0,24140.0,Bandung (North),-6.85,107.62
2026-04-13T21:00,22.0,95,26.3,0.3,0.0,0.3,45,100,1.3,0.0,24140.0,Bandung (North),-6.85,107.62
2026-04-13T22:00,21.8,96,26.2,0.3,0.0,0.3,45,100,0.8,0.0,24140.0,Bandung (North),-6.85,107.62
2026-04-13T23:00,21.8,96,26.2,0.0,0.0,0.0,3,100,0.5,0.0,24140.0,Bandung (North),-6.85,107.62
2026-04-14T00:00,21.8,95,26.0,0.0,0.0,0.0,3,100,1.1,0.0,24140.0,Bandung (North),-6.85,107.62
2026-04-14T01:00,21.8,94,25.8,0.0,0.0,0.0,3,100,1.4,0.0,24140.0,Bandung (North),-6.85,107.62
2026-04-14T02:00,21.7,93,25.7,0.0,0.0,0.0,3,100,1.4,0.0,24140.0,Bandung (North),-6.85,107.62
2026-04-14T03:00,21.6,93,25.5,0.0,0.0,0.0,3,100,1.5,0.0,24140.0,Bandung (North),-6.85,107.62
2026-04-14T04:00,21.5,93,25.3,0.0,0.0,0.0,3,100,1.9,0.0,24140.0,Bandung (North),-6.85,107.62
2026-04-14T05:00,20.6,94,23.9,0.0,0.0,0.0,45,95,2.9,0.0,24140.0,Bandung (North),-6.85,107.62
2026-04-14T06:00,20.0,93,22.7,0.0,0.0,0.0,45,92,4.1,0.0,24140.0,Bandung (North),-6.85,107.62
2026-04-14T07:00,19.9,90,22.2,0.0,0.0,0.0,45,92,4.8,0.15,24140.0,Bandung (North),-6.85,107.62
2026-04-14T08:00,21.0,82,23.1,0.0,0.0,0.0,3,95,5.1,1.35,22380.0,Bandung (North),-6.85,107.62
2026-04-14T09:00,23.0,74,25.4,0.0,0.0,0.0,3,96,4.4,2.95,20620.0,Bandung (North),-6.85,107.62
2026-04-14T10:00,24.4,69,28.1,0.0,0.0,0.0,3,97,2.9,4.3,18860.0,Bandung (North),-6.85,107.62
2026-04-14T11:00,24.5,70,29.2,0.5,0.0,0.5,53,97,1.1,5.15,14000.0,Bandung (North),-6.85,107.62
2026-04-14T12:00,24.0,73,27.6,0.5,0.0,0.5,53,96,5.4,5.75,9120.0,Bandung (North),-6.85,107.62
2026-04-14T13:00,23.4,77,25.9,0.5,0.0,0.5,53,96,8.4,5.85,4260.0,Bandung (North),-6.85,107.62
2026-04-14T14:00,22.7,80,24.9,1.1,0.0,1.1,55,97,8.4,5.3,4240.0,Bandung (North),-6.85,107.62
2026-04-14T15:00,22.0,84,24.6,1.1,0.0,1.1,55,99,6.5,4.25,4200.0,Bandung (North),-6.85,107.62
2026-04-14T16:00,21.3,88,24.0,1.1,0.0,1.1,55,100,5.3,3.15,4180.0,Bandung (North),-6.85,107.62
2026-04-14T17:00,20.6,92,23.4,3.7,3.2,0.5,81,100,4.9,2.05,4140.0,Bandung (North),-6.85,107.62
2026-04-14T18:00,19.9,96,22.7,3.7,3.2,0.5,81,100,4.8,0.9,4100.0,Bandung (North),-6.85,107.62
2026-04-14T19:00,19.4,99,22.3,3.7,3.2,0.5,81,100,3.9,0.1,4060.0,Bandung (North),-6.85,107.62
2026-04-14T20:00,19.2,99,22.4,11.1,10.8,0.3,81,100,1.0,0.0,4580.0,Bandung (North),-6.85,107.62
2026-04-14T21:00,19.2,98,22.0,11.1,10.8,0.3,81,100,3.3,0.0,5120.0,Bandung (North),-6.85,107.62
2026-04-14T22:00,19.1,97,21.4,11.1,10.8,0.3,81,100,6.2,0.0,5640.0,Bandung (North),-6.85,107.62
2026-04-14T23:00,18.6,96,20.5,0.3,0.3,0.0,51,100,6.9,0.0,11800.0,Bandung (North),-6.85,107.62
2026-04-07T00:00,22.3,96,26.5,0.0,0.0,0.0,3,93,3.2,0.0,24140.0,Bandung (West),-6.88,107.54
2026-04-07T01:00,21.4,97,25.1,0.0,0.0,0.0,45,95,4.0,0.0,24140.0,Bandung (West),-6.88,107.54
2026-04-07T02:00,21.2,97,24.9,0.0,0.0,0.0,45,100,4.0,0.0,24140.0,Bandung (West),-6.88,107.54
2026-04-07T03:00,20.9,97,24.5,0.0,0.0,0.0,45,100,3.2,0.0,24140.0,Bandung (West),-6.88,107.54
2026-04-07T04:00,20.6,98,24.2,0.0,0.0,0.0,45,100,2.7,0.0,24140.0,Bandung (West),-6.88,107.54
2026-04-07T05:00,20.3,97,23.6,0.0,0.0,0.0,45,100,3.2,0.0,24140.0,Bandung (West),-6.88,107.54
2026-04-07T06:00,19.9,98,23.1,0.0,0.0,0.0,45,100,3.4,0.0,24140.0,Bandung (West),-6.88,107.54
2026-04-07T07:00,20.8,97,24.4,0.0,0.0,0.0,45,100,3.5,0.45,24140.0,Bandung (West),-6.88,107.54
2026-04-07T08:00,23.1,87,27.0,0.0,0.0,0.0,3,100,2.8,1.95,24140.0,Bandung (West),-6.88,107.54
2026-04-07T09:00,24.3,82,28.5,0.0,0.0,0.0,3,100,1.1,4.05,24140.0,Bandung (West),-6.88,107.54
2026-04-07T10:00,25.5,77,30.0,0.0,0.0,0.0,3,100,3.1,5.9,9840.0,Bandung (West),-6.88,107.54
2026-04-07T11:00,26.7,71,31.7,0.0,0.0,0.0,3,100,6.0,7.2,11060.0,Bandung (West),-6.88,107.54
2026-04-07T12:00,27.1,71,32.1,0.0,0.0,0.0,3,100,8.2,7.95,21900.0,Bandung (West),-6.88,107.54
2026-04-07T13:00,26.9,73,30.9,0.1,0.0,0.1,3,100,10.1,7.2,21460.0,Bandung (West),-6.88,107.54
2026-04-07T14:00,26.7,74,29.9,0.2,0.0,0.2,3,100,10.9,4.2,24140.0,Bandung (West),-6.88,107.54
2026-04-07T15:00,26.5,73,29.7,0.1,0.0,0.1,3,100,9.8,2.2,21140.0,Bandung (West),-6.88,107.54
2026-04-07T16:00,26.0,73,28.9,0.0,0.0,0.0,3,100,9.9,1.35,24140.0,Bandung (West),-6.88,107.54
2026-04-07T17:00,25.0,78,28.1,0.1,0.0,0.1,3,100,9.2,0.85,20920.0,Bandung (West),-6.88,107.54
2026-04-07T18:00,23.9,86,27.7,0.1,0.0,0.1,3,100,5.9,0.15,10440.0,Bandung (West),-6.88,107.54
2026-04-07T19:00,23.3,90,27.3,0.2,0.0,0.2,80,100,4.6,0.0,21020.0,Bandung (West),-6.88,107.54
2026-04-07T20:00,22.9,93,27.2,0.1,0.0,0.1,3,100,3.7,0.0,24140.0,Bandung (West),-6.88,107.54
2026-04-07T21:00,22.6,94,27.0,0.6,0.0,0.6,80,100,2.7,0.0,24140.0,Bandung (West),-6.88,107.54
2026-04-07T22:00,22.4,95,26.8,0.5,0.0,0.5,80,100,2.5,0.0,10000.0,Bandung (West),-6.88,107.54
2026-04-07T23:00,22.3,96,26.7,0.2,0.0,0.2,45,75,2.9,0.0,5860.0,Bandung (West),-6.88,107.54
2026-04-08T00:00,22.0,97,26.2,0.3,0.0,0.3,80,100,3.6,0.0,10380.0,Bandung (West),-6.88,107.54
2026-04-08T01:00,21.8,97,26.0,0.2,0.0,0.2,45,100,2.6,0.0,6020.0,Bandung (West),-6.88,107.54
2026-04-08T02:00,21.7,97,25.8,0.0,0.0,0.0,45,100,2.9,0.0,13340.0,Bandung (West),-6.88,107.54
2026-04-08T03:00,21.5,97,25.5,0.0,0.0,0.0,45,100,3.4,0.0,24140.0,Bandung (West),-6.88,107.54
2026-04-08T04:00,21.3,97,25.1,0.0,0.0,0.0,45,55,3.3,0.0,24140.0,Bandung (West),-6.88,107.54
2026-04-08T05:00,20.9,97,24.5,0.0,0.0,0.0,45,59,3.5,0.0,24140.0,Bandung (West),-6.88,107.54
2026-04-08T06:00,20.5,98,23.9,0.0,0.0,0.0,45,54,3.8,0.0,24140.0,Bandung (West),-6.88,107.54
2026-04-08T07:00,21.5,97,25.3,0.0,0.0,0.0,45,50,3.9,0.4,24140.0,Bandung (West),-6.88,107.54
2026-04-08T08:00,23.7,84,27.6,0.0,0.0,0.0,2,53,2.4,1.65,24140.0,Bandung (West),-6.88,107.54
2026-04-08T09:00,24.9,81,29.5,0.0,0.0,0.0,1,36,1.6,4.5,18220.0,Bandung (West),-6.88,107.54
2026-04-08T10:00,26.3,74,31.2,0.0,0.0,0.0,2,53,5.8,6.8,7940.0,Bandung (West),-6.88,107.54
2026-04-08T11:00,27.2,68,31.5,0.0,0.0,0.0,1,44,9.5,8.4,16240.0,Bandung (West),-6.88,107.54
2026-04-08T12:00,27.7,66,31.8,0.0,0.0,0.0,1,41,12.3,9.0,7400.0,Bandung (West),-6.88,107.54
2026-04-08T13:00,27.5,67,31.2,0.0,0.0,0.0,2,73,13.2,8.0,6220.0,Bandung (West),-6.88,107.54
2026-04-08T14:00,27.2,68,30.0,0.3,0.0,0.3,80,100,12.2,7.7,5200.0,Bandung (West),-6.88,107.54
2026-04-08T15:00,26.6,71,29.3,0.1,0.0,0.1,3,100,10.8,5.45,4560.0,Bandung (West),-6.88,107.54
2026-04-08T16:00,25.9,72,28.6,0.2,0.0,0.2,80,100,10.2,2.95,14380.0,Bandung (West),-6.88,107.54
2026-04-08T17:00,24.6,80,27.7,0.0,0.0,0.0,3,100,8.7,1.0,5140.0,Bandung (West),-6.88,107.54
2026-04-08T18:00,23.7,87,27.5,0.0,0.0,0.0,3,100,5.1,0.1,8180.0,Bandung (West),-6.88,107.54
2026-04-08T19:00,23.2,91,27.5,0.0,0.0,0.0,3,100,3.2,0.0,19620.0,Bandung (West),-6.88,107.54
2026-04-08T20:00,22.9,93,27.4,0.0,0.0,0.0,3,100,2.2,0.0,11400.0,Bandung (West),-6.88,107.54
2026-04-08T21:00,22.8,94,27.3,0.0,0.0,0.0,3,100,1.8,0.0,19800.0,Bandung (West),-6.88,107.54
2026-04-08T22:00,22.7,94,27.1,0.0,0.0,0.0,3,100,2.1,0.0,20680.0,Bandung (West),-6.88,107.54
2026-04-08T23:00,22.6,95,27.1,0.0,0.0,0.0,3,99,1.9,0.0,21660.0,Bandung (West),-6.88,107.54
2026-04-09T00:00,22.4,95,26.7,0.0,0.0,0.0,3,100,2.5,0.0,24140.0,Bandung (West),-6.88,107.54
2026-04-09T01:00,22.1,96,26.3,0.0,0.0,0.0,45,100,3.2,0.0,24140.0,Bandung (West),-6.88,107.54
2026-04-09T02:00,21.9,97,26.0,0.0,0.0,0.0,45,99,3.3,0.0,24140.0,Bandung (West),-6.88,107.54
2026-04-09T03:00,21.7,97,25.8,0.0,0.0,0.0,45,80,3.3,0.0,24140.0,Bandung (West),-6.88,107.54
2026-04-09T04:00,21.5,97,25.5,0.0,0.0,0.0,45,90,3.1,0.0,24140.0,Bandung (West),-6.88,107.54
2026-04-09T05:00,21.3,98,25.3,0.0,0.0,0.0,45,90,2.9,0.0,24140.0,Bandung (West),-6.88,107.54
2026-04-09T06:00,21.2,97,25.0,0.0,0.0,0.0,45,91,2.9,0.0,24140.0,Bandung (West),-6.88,107.54
2026-04-09T07:00,22.1,97,26.4,0.0,0.0,0.0,45,95,3.0,0.5,24140.0,Bandung (West),-6.88,107.54
2026-04-09T08:00,23.9,84,28.1,0.0,0.0,0.0,3,100,1.0,2.2,24140.0,Bandung (West),-6.88,107.54
2026-04-09T09:00,25.2,79,29.3,0.0,0.0,0.0,3,100,3.1,4.55,24140.0,Bandung (West),-6.88,107.54
2026-04-09T10:00,26.2,73,30.2,0.0,0.0,0.0,3,95,6.1,6.75,24140.0,Bandung (West),-6.88,107.54
2026-04-09T11:00,27.0,69,30.7,0.0,0.0,0.0,3,83,10.0,8.35,20600.0,Bandung (West),-6.88,107.54
2026-04-09T12:00,27.6,67,31.5,0.0,0.0,0.0,3,94,12.6,9.15,20680.0,Bandung (West),-6.88,107.54
2026-04-09T13:00,27.3,70,30.8,0.2,0.0,0.2,3,100,13.5,8.4,12540.0,Bandung (West),-6.88,107.54
2026-04-09T14:00,26.9,74,29.9,0.5,0.0,0.5,80,100,12.7,5.8,6720.0,Bandung (West),-6.88,107.54
2026-04-09T15:00,25.9,78,29.0,0.8,0.0,0.8,95,100,11.3,4.05,6700.0,Bandung (West),-6.88,107.54
2026-04-09T16:00,24.7,85,28.5,1.4,0.0,1.4,80,100,7.9,3.2,6100.0,Bandung (West),-6.88,107.54
2026-04-09T17:00,24.0,88,28.2,0.8,0.0,0.8,80,100,4.9,0.45,14940.0,Bandung (West),-6.88,107.54
2026-04-09T18:00,23.6,90,28.0,0.1,0.0,0.1,3,100,3.2,0.05,4900.0,Bandung (West),-6.88,107.54
2026-04-09T19:00,23.2,93,27.8,0.0,0.0,0.0,3,100,2.2,0.0,5540.0,Bandung (West),-6.88,107.54
2026-04-09T20:00,22.9,94,27.7,0.0,0.0,0.0,3,100,1.1,0.0,5080.0,Bandung (West),-6.88,107.54
2026-04-09T21:00,22.8,95,27.4,0.0,0.0,0.0,3,100,2.5,0.0,11660.0,Bandung (West),-6.88,107.54
2026-04-09T22:00,22.7,95,27.3,0.0,0.0,0.0,3,100,2.3,0.0,19920.0,Bandung (West),-6.88,107.54
2026-04-09T23:00,22.6,96,27.1,0.0,0.0,0.0,3,100,2.9,0.0,10000.0,Bandung (West),-6.88,107.54
2026-04-10T00:00,22.5,96,27.0,0.0,0.0,0.0,3,100,2.9,0.0,11260.0,Bandung (West),-6.88,107.54
2026-04-10T01:00,22.2,97,26.6,0.0,0.0,0.0,45,68,2.9,0.0,23280.0,Bandung (West),-6.88,107.54
2026-04-10T02:00,22.0,98,26.4,0.0,0.0,0.0,45,62,2.5,0.0,24140.0,Bandung (West),-6.88,107.54
2026-04-10T03:00,21.8,98,26.1,0.0,0.0,0.0,45,67,2.5,0.0,24140.0,Bandung (West),-6.88,107.54
2026-04-10T04:00,21.6,98,25.7,0.0,0.0,0.0,45,75,2.9,0.0,21840.0,Bandung (West),-6.88,107.54
2026-04-10T05:00,21.4,98,25.3,0.0,0.0,0.0,45,69,3.3,0.0,24140.0,Bandung (West),-6.88,107.54
2026-04-10T06:00,20.9,98,24.7,0.0,0.0,0.0,45,68,2.9,0.0,19920.0,Bandung (West),-6.88,107.54
2026-04-10T07:00,21.7,98,25.9,0.0,0.0,0.0,45,65,3.1,0.45,24140.0,Bandung (West),-6.88,107.54
2026-04-10T08:00,23.0,91,27.6,0.0,0.0,0.0,2,64,0.8,0.8,24140.0,Bandung (West),-6.88,107.54
2026-04-10T09:00,24.8,82,29.2,0.0,0.0,0.0,2,64,2.1,1.25,24140.0,Bandung (West),-6.88,107.54
2026-04-10T10:00,26.2,75,30.5,0.0,0.0,0.0,2,63,5.3,2.05,21080.0,Bandung (West),-6.88,107.54
2026-04-10T11:00,26.7,73,31.1,0.4,0.0,0.4,80,75,8.7,3.2,11680.0,Bandung (West),-6.88,107.54
2026-04-10T12:00,26.7,74,31.0,0.4,0.0,0.4,80,88,11.6,4.75,5380.0,Bandung (West),-6.88,107.54
2026-04-10T13:00,26.5,76,30.5,0.4,0.0,0.4,80,100,13.1,8.45,5560.0,Bandung (West),-6.88,107.54
2026-04-10T14:00,26.1,78,29.6,0.5,0.0,0.5,80,100,11.7,7.7,8360.0,Bandung (West),-6.88,107.54
2026-04-10T15:00,25.4,80,28.8,0.5,0.0,0.5,80,100,9.0,3.7,5540.0,Bandung (West),-6.88,107.54
2026-04-10T16:00,24.8,83,28.6,0.5,0.0,0.5,80,100,6.4,1.0,11660.0,Bandung (West),-6.88,107.54
2026-04-10T17:00,24.3,86,28.5,0.0,0.0,0.0,3,100,4.6,0.35,14820.0,Bandung (West),-6.88,107.54
2026-04-10T18:00,23.9,89,28.4,0.0,0.0,0.0,3,100,3.1,0.05,15200.0,Bandung (West),-6.88,107.54
2026-04-10T19:00,23.6,91,28.3,0.0,0.0,0.0,3,100,2.2,0.0,16900.0,Bandung (West),-6.88,107.54
2026-04-10T20:00,23.4,92,28.1,0.0,0.0,0.0,3,100,1.8,0.0,19160.0,Bandung (West),-6.88,107.54
2026-04-10T21:00,23.2,93,27.9,0.0,0.0,0.0,3,100,1.8,0.0,23960.0,Bandung (West),-6.88,107.54
2026-04-10T22:00,23.0,94,27.7,0.0,0.0,0.0,3,100,1.5,0.0,22140.0,Bandung (West),-6.88,107.54
2026-04-10T23:00,22.7,95,27.4,0.0,0.0,0.0,45,99,1.5,0.0,12840.0,Bandung (West),-6.88,107.54
2026-04-11T00:00,22.4,96,26.9,0.0,0.0,0.0,45,98,2.2,0.0,16740.0,Bandung (West),-6.88,107.54
2026-04-11T01:00,22.2,97,26.5,0.0,0.0,0.0,45,97,2.9,0.0,24140.0,Bandung (West),-6.88,107.54
2026-04-11T02:00,21.9,97,26.1,0.0,0.0,0.0,2,87,2.9,0.0,24140.0,Bandung (West),-6.88,107.54
2026-04-11T03:00,21.7,96,25.8,0.0,0.0,0.0,2,77,2.2,0.0,24140.0,Bandung (West),-6.88,107.54
2026-04-11T04:00,21.6,96,25.6,0.0,0.0,0.0,2,67,2.2,0.0,24140.0,Bandung (West),-6.88,107.54
2026-04-11T05:00,21.4,97,25.4,0.0,0.0,0.0,45,62,2.9,0.0,24140.0,Bandung (West),-6.88,107.54
2026-04-11T06:00,21.3,98,25.1,0.0,0.0,0.0,45,56,4.0,0.0,24140.0,Bandung (West),-6.88,107.54
2026-04-11T07:00,21.7,96,25.6,0.0,0.0,0.0,45,51,4.0,0.5,24140.0,Bandung (West),-6.88,107.54
2026-04-11T08:00,23.0,90,27.3,0.0,0.0,0.0,2,53,1.8,2.25,17280.0,Bandung (West),-6.88,107.54
2026-04-11T09:00,24.7,81,28.9,0.0,0.0,0.0,2,56,2.3,2.95,14800.0,Bandung (West),-6.88,107.54
2026-04-11T10:00,26.1,74,30.5,0.0,0.0,0.0,2,58,5.4,6.7,20540.0,Bandung (West),-6.88,107.54
2026-04-11T11:00,27.1,70,31.7,0.0,0.0,0.0,3,67,7.9,8.1,24140.0,Bandung (West),-6.88,107.54
2026-04-11T12:00,27.7,69,32.4,0.0,0.0,0.0,3,75,10.3,9.15,20580.0,Bandung (West),-6.88,107.54
2026-04-11T13:00,27.9,69,32.2,0.0,0.0,0.0,3,84,11.8,8.75,12660.0,Bandung (West),-6.88,107.54
2026-04-11T14:00,27.3,72,31.2,0.6,0.0,0.5,95,89,11.8,7.8,11360.0,Bandung (West),-6.88,107.54
2026-04-11T15:00,26.3,78,29.7,0.6,0.0,0.5,95,95,10.7,5.5,15880.0,Bandung (West),-6.88,107.54
2026-04-11T16:00,25.3,83,29.0,0.6,0.0,0.5,95,100,9.5,2.15,7700.0,Bandung (West),-6.88,107.54
2026-04-11T17:00,24.6,87,28.6,2.6,0.0,2.6,96,100,7.7,0.55,11060.0,Bandung (West),-6.88,107.54
2026-04-11T18:00,23.9,90,28.1,2.6,0.0,2.6,96,100,5.4,0.1,15380.0,Bandung (West),-6.88,107.54
2026-04-11T19:00,23.3,92,27.8,2.6,0.0,2.6,96,100,3.1,0.0,24140.0,Bandung (West),-6.88,107.54
2026-04-11T20:00,23.0,93,27.8,0.1,0.0,0.1,45,100,0.8,0.0,20900.0,Bandung (West),-6.88,107.54
2026-04-11T21:00,22.9,94,27.6,0.1,0.0,0.1,45,100,1.3,0.0,20520.0,Bandung (West),-6.88,107.54
2026-04-11T22:00,22.8,95,27.3,0.1,0.0,0.1,45,100,2.8,0.0,20500.0,Bandung (West),-6.88,107.54
2026-04-11T23:00,22.6,96,27.0,0.0,0.0,0.0,45,100,3.1,0.0,22900.0,Bandung (West),-6.88,107.54
2026-04-12T00:00,22.4,97,26.8,0.0,0.0,0.0,45,100,2.9,0.0,22580.0,Bandung (West),-6.88,107.54
2026-04-12T01:00,22.2,97,26.6,0.0,0.0,0.0,45,100,2.6,0.0,20040.0,Bandung (West),-6.88,107.54
2026-04-12T02:00,22.2,96,26.5,0.0,0.0,0.0,45,92,2.9,0.0,21400.0,Bandung (West),-6.88,107.54
2026-04-12T03:00,22.0,96,26.2,0.0,0.0,0.0,45,85,2.5,0.0,22780.0,Bandung (West),-6.88,107.54
2026-04-12T04:00,21.8,97,26.0,0.0,0.0,0.0,45,77,2.7,0.0,24140.0,Bandung (West),-6.88,107.54
2026-04-12T05:00,21.7,97,25.9,0.0,0.0,0.0,45,84,2.0,0.0,24140.0,Bandung (West),-6.88,107.54
2026-04-12T06:00,21.7,98,25.9,0.0,0.0,0.0,45,90,2.6,0.0,24140.0,Bandung (West),-6.88,107.54
2026-04-12T07:00,22.1,96,26.3,0.0,0.0,0.0,45,97,3.1,0.15,24140.0,Bandung (West),-6.88,107.54
2026-04-12T08:00,23.3,91,28.0,0.0,0.0,0.0,3,96,1.3,1.25,24140.0,Bandung (West),-6.88,107.54
2026-04-12T09:00,25.0,84,29.7,0.0,0.0,0.0,3,96,2.2,2.85,24140.0,Bandung (West),-6.88,107.54
2026-04-12T10:00,26.3,79,31.2,0.0,0.0,0.0,3,95,5.0,4.4,24140.0,Bandung (West),-6.88,107.54
2026-04-12T11:00,27.0,76,32.3,0.1,0.0,0.0,3,97,7.7,6.1,22780.0,Bandung (West),-6.88,107.54
2026-04-12T12:00,27.4,74,32.5,0.1,0.0,0.0,3,98,10.0,7.75,21440.0,Bandung (West),-6.88,107.54
2026-04-12T13:00,27.4,74,32.0,0.1,0.0,0.0,3,100,11.5,8.55,20080.0,Bandung (West),-6.88,107.54
2026-04-12T14:00,26.8,76,30.6,1.3,0.0,1.3,95,100,10.7,7.85,14940.0,Bandung (West),-6.88,107.54
2026-04-12T15:00,25.9,80,29.7,1.3,0.0,1.3,95,100,8.6,6.3,9780.0,Bandung (West),-6.88,107.54
2026-04-12T16:00,25.1,84,29.3,1.3,0.0,1.3,95,100,6.5,4.65,4640.0,Bandung (West),-6.88,107.54
2026-04-12T17:00,24.5,87,28.8,0.6,0.0,0.6,3,100,4.8,3.05,4960.0,Bandung (West),-6.88,107.54
2026-04-12T18:00,23.9,90,28.5,0.6,0.0,0.6,3,100,3.3,1.35,5300.0,Bandung (West),-6.88,107.54
2026-04-12T19:00,23.5,92,28.2,0.6,0.0,0.6,3,100,2.4,0.15,5620.0,Bandung (West),-6.88,107.54
2026-04-12T20:00,23.3,93,28.0,0.0,0.0,0.0,3,100,2.3,0.0,7320.0,Bandung (West),-6.88,107.54
2026-04-12T21:00,23.2,94,27.9,0.0,0.0,0.0,3,100,2.7,0.0,9000.0,Bandung (West),-6.88,107.54
2026-04-12T22:00,23.2,94,27.7,0.0,0.0,0.0,3,100,3.3,0.0,10700.0,Bandung (West),-6.88,107.54
2026-04-12T23:00,23.2,93,27.8,0.0,0.0,0.0,3,100,2.3,0.0,12660.0,Bandung (West),-6.88,107.54
2026-04-13T00:00,23.2,92,28.0,0.0,0.0,0.0,3,100,0.7,0.0,14640.0,Bandung (West),-6.88,107.54
2026-04-13T01:00,23.2,91,27.8,0.0,0.0,0.0,3,100,1.1,0.0,16600.0,Bandung (West),-6.88,107.54
2026-04-13T02:00,23.1,91,27.7,0.0,0.0,0.0,3,100,1.0,0.0,18140.0,Bandung (West),-6.88,107.54
2026-04-13T03:00,23.0,91,27.4,0.0,0.0,0.0,3,100,1.6,0.0,19680.0,Bandung (West),-6.88,107.54
2026-04-13T04:00,22.8,92,27.1,0.0,0.0,0.0,3,100,2.9,0.0,21220.0,Bandung (West),-6.88,107.54
2026-04-13T05:00,22.5,94,26.7,0.0,0.0,0.0,45,87,3.7,0.0,17040.0,Bandung (West),-6.88,107.54
2026-04-13T06:00,22.3,96,26.4,0.0,0.0,0.0,45,75,4.2,0.0,12880.0,Bandung (West),-6.88,107.54
2026-04-13T07:00,22.5,96,26.8,0.0,0.0,0.0,45,62,3.9,0.0,8700.0,Bandung (West),-6.88,107.54
2026-04-13T08:00,23.7,91,28.4,0.0,0.0,0.0,2,59,2.6,0.25,13320.0,Bandung (West),-6.88,107.54
2026-04-13T09:00,25.4,83,30.4,0.0,0.0,0.0,2,57,1.1,0.55,17960.0,Bandung (West),-6.88,107.54
2026-04-13T10:00,26.8,76,32.5,0.0,0.0,0.0,2,54,2.6,0.9,22580.0,Bandung (West),-6.88,107.54
2026-04-13T11:00,27.7,72,33.7,0.0,0.0,0.0,2,62,5.1,1.15,22740.0,Bandung (West),-6.88,107.54
2026-04-13T12:00,28.4,70,34.0,0.0,0.0,0.0,2,69,8.2,1.4,22920.0,Bandung (West),-6.88,107.54
2026-04-13T13:00,28.5,70,33.6,0.0,0.0,0.0,2,77,9.9,1.7,23080.0,Bandung (West),-6.88,107.54
2026-04-13T14:00,27.9,72,32.1,3.1,0.0,3.1,96,85,9.0,2.2,21740.0,Bandung (West),-6.88,107.54
2026-04-13T15:00,26.9,77,31.1,3.1,0.0,3.1,96,92,6.8,2.7,20400.0,Bandung (West),-6.88,107.54
2026-04-13T16:00,25.9,81,30.3,3.1,0.0,3.1,96,100,5.1,2.8,19060.0,Bandung (West),-6.88,107.54
2026-04-13T17:00,25.1,85,29.7,1.7,0.0,1.7,80,100,3.9,2.1,20760.0,Bandung (West),-6.88,107.54
2026-04-13T18:00,24.4,89,29.1,1.7,0.0,1.7,80,100,3.1,1.0,22440.0,Bandung (West),-6.88,107.54
2026-04-13T19:00,23.8,92,28.6,1.7,0.0,1.7,80,100,2.5,0.15,24140.0,Bandung (West),-6.88,107.54
2026-04-13T20:00,23.4,94,28.3,0.3,0.0,0.3,45,100,1.8,0.0,24140.0,Bandung (West),-6.88,107.54
2026-04-13T21:00,23.2,95,28.2,0.3,0.0,0.3,45,100,1.3,0.0,24140.0,Bandung (West),-6.88,107.54
2026-04-13T22:00,23.1,96,28.1,0.3,0.0,0.3,45,100,0.8,0.0,24140.0,Bandung (West),-6.88,107.54
2026-04-13T23:00,23.0,96,28.1,0.0,0.0,0.0,3,100,0.5,0.0,24140.0,Bandung (West),-6.88,107.54
2026-04-14T00:00,23.0,95,27.9,0.0,0.0,0.0,3,100,1.1,0.0,24140.0,Bandung (West),-6.88,107.54
2026-04-14T01:00,23.0,94,27.8,0.0,0.0,0.0,3,100,1.4,0.0,24140.0,Bandung (West),-6.88,107.54
2026-04-14T02:00,23.0,93,27.6,0.0,0.0,0.0,3,100,1.4,0.0,23020.0,Bandung (West),-6.88,107.54
2026-04-14T03:00,22.9,93,27.4,0.0,0.0,0.0,3,100,1.5,0.0,21920.0,Bandung (West),-6.88,107.54
2026-04-14T04:00,22.8,93,27.2,0.0,0.0,0.0,3,100,1.9,0.0,20800.0,Bandung (West),-6.88,107.54
2026-04-14T05:00,22.0,94,26.0,0.0,0.0,0.0,45,95,2.9,0.0,20740.0,Bandung (West),-6.88,107.54
2026-04-14T06:00,21.5,93,25.0,0.0,0.0,0.0,45,92,4.1,0.0,20700.0,Bandung (West),-6.88,107.54
2026-04-14T07:00,21.6,90,24.7,0.0,0.0,0.0,45,92,4.8,0.15,20640.0,Bandung (West),-6.88,107.54
2026-04-14T08:00,22.9,82,25.8,0.0,0.0,0.0,3,95,5.1,1.35,20580.0,Bandung (West),-6.88,107.54
2026-04-14T09:00,24.9,74,28.1,0.0,0.0,0.0,3,96,4.4,2.95,20500.0,Bandung (West),-6.88,107.54
2026-04-14T10:00,26.2,69,30.8,0.0,0.0,0.0,3,97,2.9,4.3,20440.0,Bandung (West),-6.88,107.54
2026-04-14T11:00,26.4,70,31.9,0.5,0.0,0.5,53,97,1.1,5.15,16760.0,Bandung (West),-6.88,107.54
2026-04-14T12:00,25.9,73,30.3,0.5,0.0,0.5,53,96,5.4,5.75,13100.0,Bandung (West),-6.88,107.54
2026-04-14T13:00,25.2,77,28.7,0.5,0.0,0.5,53,96,8.4,5.85,9420.0,Bandung (West),-6.88,107.54
2026-04-14T14:00,24.6,80,27.7,1.1,0.0,1.1,55,97,8.4,5.3,8620.0,Bandung (West),-6.88,107.54
2026-04-14T15:00,23.9,84,27.3,1.1,0.0,1.1,55,99,6.5,4.25,7820.0,Bandung (West),-6.88,107.54
2026-04-14T16:00,23.1,88,26.8,1.1,0.0,1.1,55,100,5.3,3.15,7020.0,Bandung (West),-6.88,107.54
2026-04-14T17:00,22.4,92,26.1,3.7,3.2,0.5,81,100,4.9,2.05,5180.0,Bandung (West),-6.88,107.54
2026-04-14T18:00,21.7,96,25.4,3.7,3.2,0.5,81,100,4.8,0.9,3340.0,Bandung (West),-6.88,107.54
2026-04-14T19:00,21.2,99,25.1,3.7,3.2,0.5,81,100,3.9,0.1,1500.0,Bandung (West),-6.88,107.54
2026-04-14T20:00,21.0,99,25.2,11.1,10.8,0.3,81,100,1.0,0.0,4700.0,Bandung (West),-6.88,107.54
2026-04-14T21:00,21.0,98,24.8,11.1,10.8,0.3,81,100,3.3,0.0,7880.0,Bandung (West),-6.88,107.54
2026-04-14T22:00,20.9,97,24.1,11.1,10.8,0.3,81,100,6.2,0.0,11080.0,Bandung (West),-6.88,107.54
2026-04-14T23:00,20.5,96,23.3,0.3,0.3,0.0,51,100,6.9,0.0,15440.0,Bandung (West),-6.88,107.54
2026-04-07T00:00,22.7,97,27.5,0.0,0.0,0.0,45,96,1.6,0.0,24140.0,Bandung (East),-6.92,107.72
2026-04-07T01:00,22.1,97,26.6,0.0,0.0,0.0,45,97,2.2,0.0,24140.0,Bandung (East),-6.92,107.72
2026-04-07T02:00,21.5,100,25.9,0.0,0.0,0.0,45,100,1.9,0.0,24140.0,Bandung (East),-6.92,107.72
2026-04-07T03:00,21.2,100,25.7,0.0,0.0,0.0,45,100,0.5,0.0,24140.0,Bandung (East),-6.92,107.72
2026-04-07T04:00,21.2,100,25.5,0.0,0.0,0.0,45,100,1.1,0.0,24140.0,Bandung (East),-6.92,107.72
2026-04-07T05:00,21.2,100,25.6,0.0,0.0,0.0,45,100,0.8,0.0,24140.0,Bandung (East),-6.92,107.72
2026-04-07T06:00,21.0,100,25.2,0.0,0.0,0.0,45,100,1.4,0.0,24140.0,Bandung (East),-6.92,107.72
2026-04-07T07:00,21.4,99,25.8,0.0,0.0,0.0,45,100,0.7,0.45,24140.0,Bandung (East),-6.92,107.72
2026-04-07T08:00,23.6,89,28.1,0.0,0.0,0.0,3,100,1.5,2.0,24140.0,Bandung (East),-6.92,107.72
2026-04-07T09:00,25.9,76,30.5,0.0,0.0,0.0,3,100,0.5,4.05,22000.0,Bandung (East),-6.92,107.72
2026-04-07T10:00,27.6,66,31.9,0.0,0.0,0.0,3,94,2.6,6.0,18420.0,Bandung (East),-6.92,107.72
2026-04-07T11:00,28.6,60,32.6,0.0,0.0,0.0,2,75,3.4,7.3,18740.0,Bandung (East),-6.92,107.72
2026-04-07T12:00,29.3,57,32.8,0.0,0.0,0.0,3,96,3.7,8.25,12540.0,Bandung (East),-6.92,107.72
2026-04-07T13:00,29.5,57,32.7,0.0,0.0,0.0,3,100,5.6,6.9,17720.0,Bandung (East),-6.92,107.72
2026-04-07T14:00,28.7,62,32.0,0.0,0.0,0.0,3,100,6.0,4.1,24140.0,Bandung (East),-6.92,107.72
2026-04-07T15:00,28.0,68,31.8,0.3,0.0,0.3,80,100,5.9,2.3,24140.0,Bandung (East),-6.92,107.72
2026-04-07T16:00,27.5,71,31.5,0.3,0.0,0.3,80,100,5.2,1.35,10080.0,Bandung (East),-6.92,107.72
2026-04-07T17:00,26.8,73,30.7,0.8,0.0,0.8,95,100,5.8,0.6,9920.0,Bandung (East),-6.92,107.72
2026-04-07T18:00,26.1,76,30.1,0.4,0.0,0.4,80,100,4.2,0.1,24140.0,Bandung (East),-6.92,107.72
2026-04-07T19:00,25.5,80,29.9,0.0,0.0,0.0,3,100,2.9,0.0,24140.0,Bandung (East),-6.92,107.72
2026-04-07T20:00,25.0,84,29.7,0.0,0.0,0.0,3,100,2.2,0.0,24140.0,Bandung (East),-6.92,107.72
2026-04-07T21:00,24.3,89,29.2,0.0,0.0,0.0,3,100,2.2,0.0,24140.0,Bandung (East),-6.92,107.72
2026-04-07T22:00,23.8,93,28.7,0.0,0.0,0.0,2,71,2.5,0.0,21160.0,Bandung (East),-6.92,107.72
2026-04-07T23:00,23.2,95,28.0,0.0,0.0,0.0,2,81,2.5,0.0,5320.0,Bandung (East),-6.92,107.72
2026-04-08T00:00,22.9,96,27.6,0.1,0.0,0.1,45,100,2.5,0.0,14920.0,Bandung (East),-6.92,107.72
2026-04-08T01:00,22.7,96,27.3,0.1,0.0,0.1,45,100,2.5,0.0,14220.0,Bandung (East),-6.92,107.72
2026-04-08T02:00,22.4,98,27.2,0.0,0.0,0.0,45,100,1.5,0.0,22140.0,Bandung (East),-6.92,107.72
2026-04-08T03:00,22.0,99,26.7,0.0,0.0,0.0,45,100,1.6,0.0,24140.0,Bandung (East),-6.92,107.72
2026-04-08T04:00,21.7,100,26.3,0.0,0.0,0.0,45,100,1.6,0.0,24140.0,Bandung (East),-6.92,107.72
2026-04-08T05:00,21.4,100,25.8,0.0,0.0,0.0,45,100,1.8,0.0,24140.0,Bandung (East),-6.92,107.72
2026-04-08T06:00,21.2,100,25.5,0.0,0.0,0.0,45,100,1.5,0.0,24140.0,Bandung (East),-6.92,107.72
2026-04-08T07:00,21.8,99,26.4,0.0,0.0,0.0,45,100,1.0,0.5,24140.0,Bandung (East),-6.92,107.72
2026-04-08T08:00,24.1,85,28.6,0.0,0.0,0.0,2,54,1.0,2.25,17280.0,Bandung (East),-6.92,107.72
2026-04-08T09:00,26.4,73,31.0,0.0,0.0,0.0,1,35,1.6,4.55,8480.0,Bandung (East),-6.92,107.72
2026-04-08T10:00,28.2,64,32.7,0.0,0.0,0.0,2,58,3.1,6.8,9900.0,Bandung (East),-6.92,107.72
2026-04-08T11:00,29.3,58,33.2,0.0,0.0,0.0,2,64,6.0,8.45,7740.0,Bandung (East),-6.92,107.72
2026-04-08T12:00,29.8,55,32.7,0.0,0.0,0.0,2,48,7.6,9.2,6620.0,Bandung (East),-6.92,107.72
2026-04-08T13:00,30.0,54,32.7,0.0,0.0,0.0,2,81,8.7,8.65,5760.0,Bandung (East),-6.92,107.72
2026-04-08T14:00,29.0,60,32.0,0.0,0.0,0.0,3,95,7.8,6.6,7940.0,Bandung (East),-6.92,107.72
2026-04-08T15:00,28.0,66,31.6,0.1,0.0,0.1,3,100,6.1,4.95,5260.0,Bandung (East),-6.92,107.72
2026-04-08T16:00,27.3,69,30.9,0.2,0.0,0.2,80,100,6.0,2.75,4600.0,Bandung (East),-6.92,107.72
2026-04-08T17:00,27.1,70,30.7,0.0,0.0,0.0,3,100,6.2,0.5,4440.0,Bandung (East),-6.92,107.72
2026-04-08T18:00,26.4,73,30.2,0.0,0.0,0.0,3,100,5.1,0.05,5080.0,Bandung (East),-6.92,107.72
2026-04-08T19:00,25.5,80,29.9,0.0,0.0,0.0,3,100,3.6,0.0,7800.0,Bandung (East),-6.92,107.72
2026-04-08T20:00,24.7,86,29.4,0.0,0.0,0.0,3,100,2.5,0.0,13760.0,Bandung (East),-6.92,107.72
2026-04-08T21:00,24.3,89,29.2,0.0,0.0,0.0,3,100,1.8,0.0,23800.0,Bandung (East),-6.92,107.72
2026-04-08T22:00,24.0,91,29.1,0.0,0.0,0.0,3,100,1.0,0.0,24140.0,Bandung (East),-6.92,107.72
2026-04-08T23:00,23.7,93,28.8,0.0,0.0,0.0,3,100,0.5,0.0,24140.0,Bandung (East),-6.92,107.72
2026-04-09T00:00,23.3,94,28.2,0.0,0.0,0.0,2,59,1.1,0.0,23300.0,Bandung (East),-6.92,107.72
2026-04-09T01:00,22.9,96,27.8,0.0,0.0,0.0,45,91,1.3,0.0,23280.0,Bandung (East),-6.92,107.72
2026-04-09T02:00,22.4,98,27.2,0.0,0.0,0.0,45,95,1.1,0.0,24140.0,Bandung (East),-6.92,107.72
2026-04-09T03:00,21.9,99,26.6,0.0,0.0,0.0,45,93,1.1,0.0,24140.0,Bandung (East),-6.92,107.72
2026-04-09T04:00,21.6,100,26.2,0.0,0.0,0.0,45,92,1.3,0.0,24140.0,Bandung (East),-6.92,107.72
2026-04-09T05:00,21.6,99,26.1,0.0,0.0,0.0,45,93,1.1,0.0,24140.0,Bandung (East),-6.92,107.72
2026-04-09T06:00,21.4,100,25.9,0.0,0.0,0.0,45,94,1.0,0.0,24140.0,Bandung (East),-6.92,107.72
2026-04-09T07:00,22.1,97,26.8,0.0,0.0,0.0,45,94,0.8,0.45,24140.0,Bandung (East),-6.92,107.72
2026-04-09T08:00,24.3,87,28.9,0.0,0.0,0.0,3,100,2.2,2.2,24140.0,Bandung (East),-6.92,107.72
2026-04-09T09:00,26.4,73,30.4,0.0,0.0,0.0,3,100,2.9,4.6,24140.0,Bandung (East),-6.92,107.72
2026-04-09T10:00,27.8,66,31.4,0.0,0.0,0.0,3,100,4.7,6.75,24140.0,Bandung (East),-6.92,107.72
2026-04-09T11:00,28.8,61,32.2,0.0,0.0,0.0,3,85,5.4,8.35,16760.0,Bandung (East),-6.92,107.72
2026-04-09T12:00,29.6,58,33.2,0.0,0.0,0.0,2,73,6.0,8.75,10140.0,Bandung (East),-6.92,107.72
2026-04-09T13:00,29.6,59,32.8,0.0,0.0,0.0,3,100,7.5,7.75,8520.0,Bandung (East),-6.92,107.72
2026-04-09T14:00,28.7,66,32.1,0.5,0.0,0.5,80,100,10.2,3.5,6920.0,Bandung (East),-6.92,107.72
2026-04-09T15:00,27.8,70,31.4,0.9,0.0,0.9,80,100,8.6,2.05,6100.0,Bandung (East),-6.92,107.72
2026-04-09T16:00,26.9,73,30.5,0.2,0.0,0.2,3,100,7.9,2.15,5860.0,Bandung (East),-6.92,107.72
2026-04-09T17:00,26.0,78,30.0,0.2,0.0,0.2,3,100,6.4,0.5,5380.0,Bandung (East),-6.92,107.72
2026-04-09T18:00,25.4,82,29.7,0.0,0.0,0.0,3,100,4.5,0.05,5340.0,Bandung (East),-6.92,107.72
2026-04-09T19:00,25.0,85,29.8,0.0,0.0,0.0,3,100,2.5,0.0,4900.0,Bandung (East),-6.92,107.72
2026-04-09T20:00,24.6,89,29.6,0.0,0.0,0.0,3,100,1.9,0.0,4320.0,Bandung (East),-6.92,107.72
2026-04-09T21:00,23.9,94,29.1,0.0,0.0,0.0,3,100,1.8,0.0,5340.0,Bandung (East),-6.92,107.72
2026-04-09T22:00,23.7,95,29.0,0.0,0.0,0.0,3,100,1.3,0.0,6840.0,Bandung (East),-6.92,107.72
2026-04-09T23:00,23.5,95,28.6,0.0,0.0,0.0,3,100,1.5,0.0,7420.0,Bandung (East),-6.92,107.72
2026-04-10T00:00,23.1,96,28.1,0.0,0.0,0.0,45,100,1.9,0.0,4980.0,Bandung (East),-6.92,107.72
2026-04-10T01:00,22.8,98,27.7,0.0,0.0,0.0,45,100,1.8,0.0,7900.0,Bandung (East),-6.92,107.72
2026-04-10T02:00,22.3,99,27.1,0.0,0.0,0.0,45,88,1.6,0.0,11540.0,Bandung (East),-6.92,107.72
2026-04-10T03:00,22.0,100,26.9,0.0,0.0,0.0,45,79,0.8,0.0,21100.0,Bandung (East),-6.92,107.72
2026-04-10T04:00,21.9,99,26.6,0.0,0.0,0.0,45,85,0.7,0.0,19620.0,Bandung (East),-6.92,107.72
2026-04-10T05:00,21.7,99,26.2,0.0,0.0,0.0,45,85,1.1,0.0,24140.0,Bandung (East),-6.92,107.72
2026-04-10T06:00,21.4,100,25.9,0.0,0.0,0.0,45,82,0.5,0.0,24140.0,Bandung (East),-6.92,107.72
2026-04-10T07:00,22.2,97,27.0,0.0,0.0,0.0,45,61,0.0,0.5,24140.0,Bandung (East),-6.92,107.72
2026-04-10T08:00,24.0,87,28.7,0.0,0.0,0.0,2,57,1.1,1.5,24140.0,Bandung (East),-6.92,107.72
2026-04-10T09:00,26.5,73,30.6,0.0,0.0,0.0,2,54,2.7,2.6,24140.0,Bandung (East),-6.92,107.72
2026-04-10T10:00,28.2,64,32.4,0.0,0.0,0.0,2,50,3.8,3.05,24140.0,Bandung (East),-6.92,107.72
2026-04-10T11:00,28.8,63,33.0,0.4,0.0,0.4,95,67,5.2,4.5,24140.0,Bandung (East),-6.92,107.72
2026-04-10T12:00,28.6,66,32.2,0.4,0.0,0.4,95,83,8.0,5.5,24140.0,Bandung (East),-6.92,107.72
2026-04-10T13:00,28.3,69,31.9,0.4,0.0,0.4,95,100,9.7,6.25,12800.0,Bandung (East),-6.92,107.72
2026-04-10T14:00,27.9,71,31.7,0.4,0.0,0.4,3,100,8.9,7.25,9060.0,Bandung (East),-6.92,107.72
2026-04-10T15:00,27.3,73,31.4,0.4,0.0,0.4,3,100,6.5,5.3,5420.0,Bandung (East),-6.92,107.72
2026-04-10T16:00,26.7,75,30.9,0.4,0.0,0.4,3,100,4.7,2.1,6000.0,Bandung (East),-6.92,107.72
2026-04-10T17:00,26.2,78,30.7,0.0,0.0,0.0,3,100,3.5,0.9,5200.0,Bandung (East),-6.92,107.72
2026-04-10T18:00,25.7,82,30.5,0.0,0.0,0.0,3,100,3.1,0.05,5140.0,Bandung (East),-6.92,107.72
2026-04-10T19:00,25.2,86,30.1,0.0,0.0,0.0,3,100,2.6,0.0,10680.0,Bandung (East),-6.92,107.72
2026-04-10T20:00,24.6,90,29.7,0.0,0.0,0.0,45,100,2.3,0.0,19340.0,Bandung (East),-6.92,107.72
2026-04-10T21:00,24.0,93,29.2,0.0,0.0,0.0,45,100,1.9,0.0,24140.0,Bandung (East),-6.92,107.72
2026-04-10T22:00,23.5,96,28.6,0.0,0.0,0.0,45,100,1.8,0.0,20960.0,Bandung (East),-6.92,107.72
2026-04-10T23:00,23.0,98,28.2,0.0,0.0,0.0,45,100,1.5,0.0,24140.0,Bandung (East),-6.92,107.72
2026-04-11T00:00,22.6,99,27.6,0.0,0.0,0.0,45,100,1.1,0.0,24140.0,Bandung (East),-6.92,107.72
2026-04-11T01:00,22.2,100,27.1,0.0,0.0,0.0,45,100,0.8,0.0,24140.0,Bandung (East),-6.92,107.72
2026-04-11T02:00,21.8,100,26.5,0.0,0.0,0.0,45,99,1.1,0.0,24140.0,Bandung (East),-6.92,107.72
2026-04-11T03:00,21.4,100,25.8,0.0,0.0,0.0,45,99,1.4,0.0,24140.0,Bandung (East),-6.92,107.72
2026-04-11T04:00,21.2,99,25.3,0.0,0.0,0.0,45,98,1.8,0.0,24140.0,Bandung (East),-6.92,107.72
2026-04-11T05:00,21.1,100,25.4,0.0,0.0,0.0,45,82,1.1,0.0,24140.0,Bandung (East),-6.92,107.72
2026-04-11T06:00,21.1,100,25.6,0.0,0.0,0.0,45,66,0.4,0.0,24140.0,Bandung (East),-6.92,107.72
2026-04-11T07:00,21.8,97,26.4,0.0,0.0,0.0,45,50,0.0,0.5,24140.0,Bandung (East),-6.92,107.72
2026-04-11T08:00,23.7,88,28.2,0.0,0.0,0.0,1,46,1.3,2.15,24140.0,Bandung (East),-6.92,107.72
2026-04-11T09:00,26.1,75,30.2,0.0,0.0,0.0,1,42,3.1,4.55,13800.0,Bandung (East),-6.92,107.72
2026-04-11T10:00,28.1,65,32.4,0.0,0.0,0.0,1,38,4.5,6.75,15680.0,Bandung (East),-6.92,107.72
2026-04-11T11:00,29.2,59,33.7,0.0,0.0,0.0,3,55,4.6,8.3,9760.0,Bandung (East),-6.92,107.72
2026-04-11T12:00,29.9,55,34.1,0.0,0.0,0.0,3,71,4.3,9.05,8660.0,Bandung (East),-6.92,107.72
2026-04-11T13:00,30.1,55,33.8,0.0,0.0,0.0,3,88,4.8,5.7,14200.0,Bandung (East),-6.92,107.72
2026-04-11T14:00,29.4,60,32.9,1.0,0.0,1.0,96,92,5.8,4.7,9860.0,Bandung (East),-6.92,107.72
2026-04-11T15:00,28.3,68,32.1,1.0,0.0,1.0,96,96,7.2,5.55,8240.0,Bandung (East),-6.92,107.72
2026-04-11T16:00,27.2,75,31.2,1.0,0.0,1.0,96,100,7.6,1.55,8960.0,Bandung (East),-6.92,107.72
2026-04-11T17:00,26.4,80,30.8,1.3,0.0,1.3,80,100,6.5,0.55,8360.0,Bandung (East),-6.92,107.72
2026-04-11T18:00,25.7,83,30.3,1.3,0.0,1.3,80,100,4.7,0.05,24140.0,Bandung (East),-6.92,107.72
2026-04-11T19:00,25.1,86,29.9,1.3,0.0,1.3,80,100,2.9,0.0,24140.0,Bandung (East),-6.92,107.72
2026-04-11T20:00,24.7,88,29.7,0.0,0.0,0.0,3,100,1.8,0.0,24140.0,Bandung (East),-6.92,107.72
2026-04-11T21:00,24.4,90,29.5,0.0,0.0,0.0,3,100,1.1,0.0,24140.0,Bandung (East),-6.92,107.72
2026-04-11T22:00,24.1,92,29.3,0.0,0.0,0.0,3,100,0.8,0.0,24140.0,Bandung (East),-6.92,107.72
2026-04-11T23:00,23.6,94,28.8,0.0,0.0,0.0,45,100,0.8,0.0,24140.0,Bandung (East),-6.92,107.72
2026-04-12T00:00,23.2,96,28.3,0.0,0.0,0.0,45,100,0.5,0.0,24140.0,Bandung (East),-6.92,107.72
2026-04-12T01:00,22.9,97,27.9,0.0,0.0,0.0,45,100,0.8,0.0,24140.0,Bandung (East),-6.92,107.72
2026-04-12T02:00,23.1,96,28.1,0.0,0.0,0.0,45,95,1.0,0.0,24140.0,Bandung (East),-6.92,107.72
2026-04-12T03:00,22.6,97,27.2,0.0,0.0,0.0,45,89,2.5,0.0,24140.0,Bandung (East),-6.92,107.72
2026-04-12T04:00,22.2,98,26.7,0.0,0.0,0.0,45,84,3.3,0.0,24140.0,Bandung (East),-6.92,107.72
2026-04-12T05:00,21.9,99,26.4,0.0,0.0,0.0,45,89,2.2,0.0,24140.0,Bandung (East),-6.92,107.72
2026-04-12T06:00,21.8,99,26.5,0.0,0.0,0.0,45,95,0.4,0.0,24140.0,Bandung (East),-6.92,107.72
2026-04-12T07:00,22.3,97,27.0,0.0,0.0,0.0,45,100,1.1,0.15,24140.0,Bandung (East),-6.92,107.72
2026-04-12T08:00,24.0,89,28.9,0.0,0.0,0.0,3,100,0.7,1.3,22680.0,Bandung (East),-6.92,107.72
2026-04-12T09:00,26.3,79,31.1,0.0,0.0,0.0,3,100,2.6,2.95,21240.0,Bandung (East),-6.92,107.72
2026-04-12T10:00,28.1,70,32.8,0.0,0.0,0.0,3,100,4.3,4.55,19780.0,Bandung (East),-6.92,107.72
2026-04-12T11:00,29.0,65,33.7,0.0,0.0,0.0,3,100,5.7,6.25,15020.0,Bandung (East),-6.92,107.72
2026-04-12T12:00,29.3,63,33.6,0.0,0.0,0.0,3,100,6.6,7.9,10280.0,Bandung (East),-6.92,107.72
2026-04-12T13:00,29.2,62,32.8,0.0,0.0,0.0,3,100,7.2,8.6,5520.0,Bandung (East),-6.92,107.72
2026-04-12T14:00,28.8,64,32.3,0.1,0.0,0.1,3,100,7.2,7.75,5440.0,Bandung (East),-6.92,107.72
2026-04-12T15:00,28.0,69,31.7,0.1,0.0,0.1,3,100,7.3,6.0,5340.0,Bandung (East),-6.92,107.72
2026-04-12T16:00,27.2,73,31.2,0.1,0.0,0.1,3,100,6.3,4.25,5260.0,Bandung (East),-6.92,107.72
2026-04-12T17:00,26.5,77,30.9,0.2,0.0,0.2,3,100,4.4,2.75,4860.0,Bandung (East),-6.92,107.72
2026-04-12T18:00,25.9,80,30.6,0.2,0.0,0.2,3,100,2.1,1.3,4480.0,Bandung (East),-6.92,107.72
2026-04-12T19:00,25.3,83,30.1,0.2,0.0,0.2,3,100,1.8,0.25,4080.0,Bandung (East),-6.92,107.72
2026-04-12T20:00,24.9,86,29.8,0.0,0.0,0.0,3,100,2.3,0.0,5640.0,Bandung (East),-6.92,107.72
2026-04-12T21:00,24.6,88,29.4,0.0,0.0,0.0,3,100,2.9,0.0,7180.0,Bandung (East),-6.92,107.72
2026-04-12T22:00,24.4,90,29.2,0.0,0.0,0.0,3,100,3.3,0.0,8740.0,Bandung (East),-6.92,107.72
2026-04-12T23:00,24.2,91,29.2,0.0,0.0,0.0,3,99,1.8,0.0,13880.0,Bandung (East),-6.92,107.72
2026-04-13T00:00,24.0,92,29.3,0.0,0.0,0.0,3,98,0.4,0.0,19000.0,Bandung (East),-6.92,107.72
2026-04-13T01:00,23.8,93,28.8,0.0,0.0,0.0,3,97,1.8,0.0,24140.0,Bandung (East),-6.92,107.72
2026-04-13T02:00,23.2,95,28.1,0.0,0.0,0.0,45,98,1.9,0.0,24140.0,Bandung (East),-6.92,107.72
2026-04-13T03:00,22.6,98,27.4,0.0,0.0,0.0,45,99,1.5,0.0,24140.0,Bandung (East),-6.92,107.72
2026-04-13T04:00,22.2,99,27.0,0.0,0.0,0.0,45,100,1.1,0.0,24140.0,Bandung (East),-6.92,107.72
2026-04-13T05:00,22.0,99,26.7,0.0,0.0,0.0,1,73,0.8,0.0,21880.0,Bandung (East),-6.92,107.72
2026-04-13T06:00,22.0,97,26.5,0.0,0.0,0.0,1,46,1.8,0.0,19600.0,Bandung (East),-6.92,107.72
2026-04-13T07:00,22.7,93,27.0,0.0,0.0,0.0,1,19,2.6,0.0,17340.0,Bandung (East),-6.92,107.72
2026-04-13T08:00,24.5,84,28.9,0.0,0.0,0.0,1,18,2.9,0.4,18960.0,Bandung (East),-6.92,107.72
2026-04-13T09:00,27.0,71,31.1,0.0,0.0,0.0,1,17,3.2,0.95,20580.0,Bandung (East),-6.92,107.72
2026-04-13T10:00,29.0,61,33.8,0.0,0.0,0.0,1,16,3.3,1.4,22200.0,Bandung (East),-6.92,107.72
2026-04-13T11:00,30.2,54,35.4,0.0,0.0,0.0,3,41,2.6,1.65,17920.0,Bandung (East),-6.92,107.72
2026-04-13T12:00,31.0,48,35.7,0.0,0.0,0.0,3,67,1.8,1.8,13620.0,Bandung (East),-6.92,107.72
2026-04-13T13:00,31.2,47,35.3,0.0,0.0,0.0,3,92,1.6,1.9,9340.0,Bandung (East),-6.92,107.72
2026-04-13T14:00,30.4,53,33.9,0.4,0.0,0.4,95,95,1.8,1.95,11900.0,Bandung (East),-6.92,107.72
2026-04-13T15:00,29.0,63,33.4,0.4,0.0,0.4,95,97,1.5,1.9,14480.0,Bandung (East),-6.92,107.72
2026-04-13T16:00,27.7,72,32.6,0.4,0.0,0.4,95,100,1.3,1.7,17040.0,Bandung (East),-6.92,107.72
2026-04-13T17:00,26.8,77,31.9,2.1,0.0,2.0,95,100,1.1,1.25,18220.0,Bandung (East),-6.92,107.72
2026-04-13T18:00,26.1,81,31.2,2.1,0.0,2.0,95,100,1.1,0.6,19400.0,Bandung (East),-6.92,107.72
2026-04-13T19:00,25.5,84,30.6,2.1,0.0,2.0,95,100,1.1,0.15,20580.0,Bandung (East),-6.92,107.72
2026-04-13T20:00,25.1,86,30.3,1.1,0.0,1.1,3,100,0.7,0.0,21760.0,Bandung (East),-6.92,107.72
2026-04-13T21:00,24.9,87,30.1,1.1,0.0,1.1,3,100,0.4,0.0,22960.0,Bandung (East),-6.92,107.72
2026-04-13T22:00,24.7,88,29.8,1.1,0.0,1.1,3,100,0.8,0.0,24140.0,Bandung (East),-6.92,107.72
2026-04-13T23:00,24.4,90,29.7,0.0,0.0,0.0,3,98,0.5,0.0,24140.0,Bandung (East),-6.92,107.72
2026-04-14T00:00,24.1,92,29.4,0.0,0.0,0.0,3,96,1.1,0.0,24140.0,Bandung (East),-6.92,107.72
2026-04-14T01:00,23.9,93,29.0,0.0,0.0,0.0,3,94,1.8,0.0,24140.0,Bandung (East),-6.92,107.72
2026-04-14T02:00,23.6,94,28.6,0.0,0.0,0.0,2,89,1.9,0.0,24140.0,Bandung (East),-6.92,107.72
2026-04-14T03:00,23.2,94,28.0,0.0,0.0,0.0,2,85,1.8,0.0,24140.0,Bandung (East),-6.92,107.72
2026-04-14T04:00,23.0,94,27.6,0.0,0.0,0.0,2,80,1.8,0.0,24140.0,Bandung (East),-6.92,107.72
2026-04-14T05:00,22.2,93,26.3,0.0,0.0,0.0,2,82,2.1,0.0,24140.0,Bandung (East),-6.92,107.72
2026-04-14T06:00,21.6,93,25.4,0.0,0.0,0.0,2,86,2.7,0.0,24140.0,Bandung (East),-6.92,107.72
2026-04-14T07:00,21.6,91,24.9,0.0,0.0,0.0,2,92,3.6,0.15,24140.0,Bandung (East),-6.92,107.72
2026-04-14T08:00,22.7,84,25.8,0.0,0.0,0.0,3,100,5.0,1.2,24140.0,Bandung (East),-6.92,107.72
2026-04-14T09:00,24.8,75,27.8,0.0,0.0,0.0,3,100,5.9,2.7,24140.0,Bandung (East),-6.92,107.72
2026-04-14T10:00,26.2,69,29.9,0.0,0.0,0.0,3,99,5.8,4.1,24140.0,Bandung (East),-6.92,107.72
2026-04-14T11:00,26.5,68,31.2,0.3,0.0,0.3,51,96,4.7,5.45,18880.0,Bandung (East),-6.92,107.72
2026-04-14T12:00,26.3,69,31.0,0.3,0.0,0.3,51,93,5.2,6.7,13600.0,Bandung (East),-6.92,107.72
2026-04-14T13:00,25.9,72,30.1,0.3,0.0,0.3,51,91,6.2,7.1,8340.0,Bandung (East),-6.92,107.72
2026-04-14T14:00,25.2,76,28.9,0.9,0.0,0.9,53,93,4.6,6.1,7600.0,Bandung (East),-6.92,107.72
2026-04-14T15:00,24.3,81,28.4,0.9,0.0,0.9,53,97,1.6,4.25,6840.0,Bandung (East),-6.92,107.72
2026-04-14T16:00,23.5,86,27.7,0.9,0.0,0.9,53,100,1.1,2.65,6100.0,Bandung (East),-6.92,107.72
2026-04-14T17:00,22.7,90,26.9,1.7,1.4,0.3,80,100,1.8,1.55,6180.0,Bandung (East),-6.92,107.72
2026-04-14T18:00,22.0,93,25.9,1.7,1.4,0.3,80,100,2.2,0.7,6240.0,Bandung (East),-6.92,107.72
2026-04-14T19:00,21.4,96,25.3,1.7,1.4,0.3,80,100,2.2,0.1,6320.0,Bandung (East),-6.92,107.72
2026-04-14T20:00,20.9,97,24.7,3.1,2.9,0.2,81,100,1.9,0.0,7240.0,Bandung (East),-6.92,107.72
2026-04-14T21:00,20.6,98,24.2,3.1,2.9,0.2,81,100,2.6,0.0,8160.0,Bandung (East),-6.92,107.72
2026-04-14T22:00,20.3,98,23.7,3.1,2.9,0.2,81,100,3.1,0.0,9080.0,Bandung (East),-6.92,107.72
2026-04-14T23:00,20.0,98,23.4,0.8,0.8,0.0,53,100,2.6,0.0,14100.0,Bandung (East),-6.92,107.72
2026-04-07T00:00,25.7,97,31.9,0.0,0.0,0.0,45,95,4.4,0.0,24140.0,Bandung (South),-7.0,107.6
2026-04-07T01:00,25.2,97,31.0,0.0,0.0,0.0,45,96,4.3,0.0,24140.0,Bandung (South),-7.0,107.6
2026-04-07T02:00,24.8,97,30.4,0.0,0.0,0.0,45,100,4.7,0.0,24140.0,Bandung (South),-7.0,107.6
2026-04-07T03:00,24.4,96,29.7,0.0,0.0,0.0,45,100,4.7,0.0,24140.0,Bandung (South),-7.0,107.6
2026-04-07T04:00,24.0,96,29.1,0.0,0.0,0.0,45,100,4.1,0.0,24140.0,Bandung (South),-7.0,107.6
2026-04-07T05:00,23.9,96,28.8,0.0,0.0,0.0,45,100,4.6,0.0,24140.0,Bandung (South),-7.0,107.6
2026-04-07T06:00,23.5,97,28.3,0.0,0.0,0.0,45,100,4.7,0.0,24140.0,Bandung (South),-7.0,107.6
2026-04-07T07:00,24.6,96,30.0,0.0,0.0,0.0,45,100,4.3,0.45,24140.0,Bandung (South),-7.0,107.6
2026-04-07T08:00,28.0,95,35.8,0.0,0.0,0.0,3,100,2.7,1.9,24140.0,Bandung (South),-7.0,107.6
2026-04-07T09:00,29.5,84,36.8,0.0,0.0,0.0,3,100,2.9,4.15,24140.0,Bandung (South),-7.0,107.6
2026-04-07T10:00,30.4,81,38.1,0.0,0.0,0.0,3,100,3.6,6.15,9840.0,Bandung (South),-7.0,107.6
2026-04-07T11:00,31.7,74,39.9,0.0,0.0,0.0,3,100,5.4,7.6,11060.0,Bandung (South),-7.0,107.6
2026-04-07T12:00,32.5,67,39.6,0.0,0.0,0.0,3,96,7.6,8.35,21900.0,Bandung (South),-7.0,107.6
2026-04-07T13:00,32.3,68,38.2,0.0,0.0,0.0,3,100,9.5,7.75,21460.0,Bandung (South),-7.0,107.6
2026-04-07T14:00,31.5,75,37.9,0.6,0.0,0.6,80,100,9.8,5.2,24140.0,Bandung (South),-7.0,107.6
2026-04-07T15:00,31.4,78,38.2,0.8,0.0,0.8,95,100,9.1,2.45,21140.0,Bandung (South),-7.0,107.6
2026-04-07T16:00,30.8,78,37.3,0.5,0.0,0.5,80,100,9.0,1.35,24140.0,Bandung (South),-7.0,107.6
2026-04-07T17:00,30.1,79,36.3,0.4,0.0,0.4,80,100,8.5,0.65,20920.0,Bandung (South),-7.0,107.6
2026-04-07T18:00,29.1,84,35.7,0.0,0.0,0.0,3,100,6.0,0.1,10440.0,Bandung (South),-7.0,107.6
2026-04-07T19:00,28.2,90,35.2,0.0,0.0,0.0,3,100,4.4,0.0,21020.0,Bandung (South),-7.0,107.6
2026-04-07T20:00,27.5,95,34.8,0.0,0.0,0.0,3,100,3.7,0.0,24140.0,Bandung (South),-7.0,107.6
2026-04-07T21:00,27.1,97,34.4,0.0,0.0,0.0,45,100,3.5,0.0,24140.0,Bandung (South),-7.0,107.6
2026-04-07T22:00,26.9,98,34.1,0.0,0.0,0.0,45,77,3.7,0.0,10000.0,Bandung (South),-7.0,107.6
2026-04-07T23:00,26.7,98,33.7,0.0,0.0,0.0,45,86,3.8,0.0,5860.0,Bandung (South),-7.0,107.6
2026-04-08T00:00,26.5,98,33.4,0.0,0.0,0.0,45,87,4.1,0.0,10380.0,Bandung (South),-7.0,107.6
2026-04-08T01:00,26.3,98,33.1,0.0,0.0,0.0,45,100,3.8,0.0,6020.0,Bandung (South),-7.0,107.6
2026-04-08T02:00,26.0,98,32.5,0.0,0.0,0.0,45,100,4.3,0.0,13340.0,Bandung (South),-7.0,107.6
2026-04-08T03:00,25.7,97,31.8,0.0,0.0,0.0,45,100,4.9,0.0,24140.0,Bandung (South),-7.0,107.6
2026-04-08T04:00,25.3,96,31.0,0.0,0.0,0.0,45,54,4.8,0.0,24140.0,Bandung (South),-7.0,107.6
2026-04-08T05:00,24.7,96,30.1,0.0,0.0,0.0,45,52,5.2,0.0,24140.0,Bandung (South),-7.0,107.6
2026-04-08T06:00,24.2,96,29.2,0.0,0.0,0.0,45,77,5.4,0.0,24140.0,Bandung (South),-7.0,107.6
2026-04-08T07:00,25.4,95,31.0,0.0,0.0,0.0,2,58,5.4,0.5,24140.0,Bandung (South),-7.0,107.6
2026-04-08T08:00,29.0,83,36.0,0.0,0.0,0.0,1,31,2.3,2.15,24140.0,Bandung (South),-7.0,107.6
2026-04-08T09:00,30.1,80,37.8,0.0,0.0,0.0,1,43,1.5,4.55,18220.0,Bandung (South),-7.0,107.6
2026-04-08T10:00,31.6,73,39.4,0.0,0.0,0.0,1,35,5.4,6.75,7940.0,Bandung (South),-7.0,107.6
2026-04-08T11:00,32.5,68,39.6,0.0,0.0,0.0,2,53,8.9,8.4,16240.0,Bandung (South),-7.0,107.6
2026-04-08T12:00,32.9,64,39.1,0.0,0.0,0.0,2,55,11.5,8.95,7400.0,Bandung (South),-7.0,107.6
2026-04-08T13:00,32.8,64,38.7,0.0,0.0,0.0,2,78,12.3,8.5,6220.0,Bandung (South),-7.0,107.6
2026-04-08T14:00,32.0,71,37.8,0.4,0.0,0.4,80,95,11.5,7.35,5200.0,Bandung (South),-7.0,107.6
2026-04-08T15:00,31.5,73,37.6,0.5,0.0,0.5,80,100,9.5,5.25,4560.0,Bandung (South),-7.0,107.6
2026-04-08T16:00,30.9,74,37.0,0.2,0.0,0.2,80,100,8.0,3.15,14380.0,Bandung (South),-7.0,107.6
2026-04-08T17:00,30.1,77,36.1,0.0,0.0,0.0,3,100,8.2,0.8,5140.0,Bandung (South),-7.0,107.6
2026-04-08T18:00,28.9,84,35.4,0.0,0.0,0.0,3,100,6.3,0.1,8180.0,Bandung (South),-7.0,107.6
2026-04-08T19:00,28.0,91,35.0,0.0,0.0,0.0,3,100,4.8,0.0,19620.0,Bandung (South),-7.0,107.6
2026-04-08T20:00,27.4,96,34.7,0.0,0.0,0.0,3,100,3.7,0.0,11400.0,Bandung (South),-7.0,107.6
2026-04-08T21:00,27.0,97,34.3,0.0,0.0,0.0,45,100,3.3,0.0,19800.0,Bandung (South),-7.0,107.6
2026-04-08T22:00,26.7,98,33.8,0.0,0.0,0.0,45,100,3.1,0.0,20680.0,Bandung (South),-7.0,107.6
2026-04-08T23:00,26.3,99,33.3,0.0,0.0,0.0,45,100,3.3,0.0,21660.0,Bandung (South),-7.0,107.6
2026-04-09T00:00,26.0,98,32.6,0.0,0.0,0.0,45,100,4.0,0.0,24140.0,Bandung (South),-7.0,107.6
2026-04-09T01:00,25.7,98,32.0,0.0,0.0,0.0,45,100,4.7,0.0,24140.0,Bandung (South),-7.0,107.6
2026-04-09T02:00,25.5,97,31.5,0.0,0.0,0.0,45,97,4.7,0.0,24140.0,Bandung (South),-7.0,107.6
2026-04-09T03:00,25.3,96,31.1,0.0,0.0,0.0,45,84,4.7,0.0,24140.0,Bandung (South),-7.0,107.6
2026-04-09T04:00,25.1,96,30.8,0.0,0.0,0.0,45,87,4.3,0.0,24140.0,Bandung (South),-7.0,107.6
2026-04-09T05:00,24.9,96,30.6,0.0,0.0,0.0,45,87,4.0,0.0,24140.0,Bandung (South),-7.0,107.6
2026-04-09T06:00,24.7,96,30.3,0.0,0.0,0.0,45,92,3.6,0.0,24140.0,Bandung (South),-7.0,107.6
2026-04-09T07:00,25.9,95,32.1,0.0,0.0,0.0,3,95,3.8,0.5,24140.0,Bandung (South),-7.0,107.6
2026-04-09T08:00,28.9,84,36.0,0.0,0.0,0.0,3,100,1.6,2.25,24140.0,Bandung (South),-7.0,107.6
2026-04-09T09:00,30.2,79,37.2,0.0,0.0,0.0,3,100,3.1,4.6,24140.0,Bandung (South),-7.0,107.6
2026-04-09T10:00,31.3,73,38.3,0.0,0.0,0.0,3,98,6.0,6.75,24140.0,Bandung (South),-7.0,107.6
2026-04-09T11:00,32.2,69,38.6,0.0,0.0,0.0,3,89,9.7,8.35,20600.0,Bandung (South),-7.0,107.6
2026-04-09T12:00,32.7,68,39.3,0.1,0.0,0.1,2,76,11.7,9.05,20680.0,Bandung (South),-7.0,107.6
2026-04-09T13:00,32.5,67,38.4,0.1,0.0,0.1,3,100,11.9,5.9,12540.0,Bandung (South),-7.0,107.6
2026-04-09T14:00,31.9,75,38.0,0.8,0.0,0.8,95,100,13.2,3.35,6720.0,Bandung (South),-7.0,107.6
2026-04-09T15:00,31.2,77,37.4,0.9,0.0,0.9,80,100,10.8,4.5,6700.0,Bandung (South),-7.0,107.6
2026-04-09T16:00,29.9,84,36.6,0.8,0.0,0.8,80,100,8.9,3.5,6100.0,Bandung (South),-7.0,107.6
2026-04-09T17:00,29.1,88,36.2,0.8,0.0,0.8,80,100,5.9,0.95,14940.0,Bandung (South),-7.0,107.6
2026-04-09T18:00,28.6,90,36.1,0.0,0.0,0.0,3,100,3.5,0.1,4900.0,Bandung (South),-7.0,107.6
2026-04-09T19:00,28.0,94,35.8,0.0,0.0,0.0,3,100,2.3,0.0,5540.0,Bandung (South),-7.0,107.6
2026-04-09T20:00,27.6,96,35.5,0.0,0.0,0.0,3,100,1.5,0.0,5080.0,Bandung (South),-7.0,107.6
2026-04-09T21:00,27.3,96,34.7,0.0,0.0,0.0,45,100,3.4,0.0,11660.0,Bandung (South),-7.0,107.6
2026-04-09T22:00,27.0,96,34.1,0.0,0.0,0.0,45,100,3.1,0.0,19920.0,Bandung (South),-7.0,107.6
2026-04-09T23:00,26.6,97,33.5,0.0,0.0,0.0,45,100,3.5,0.0,10000.0,Bandung (South),-7.0,107.6
2026-04-10T00:00,26.1,98,32.7,0.0,0.0,0.0,45,100,4.0,0.0,11260.0,Bandung (South),-7.0,107.6
2026-04-10T01:00,25.8,98,32.2,0.0,0.0,0.0,45,85,4.0,0.0,23280.0,Bandung (South),-7.0,107.6
2026-04-10T02:00,25.5,98,31.7,0.0,0.0,0.0,45,73,4.7,0.0,24140.0,Bandung (South),-7.0,107.6
2026-04-10T03:00,25.2,97,31.0,0.0,0.0,0.0,45,70,4.7,0.0,24140.0,Bandung (South),-7.0,107.6
2026-04-10T04:00,25.0,97,30.6,0.0,0.0,0.0,45,69,5.0,0.0,21840.0,Bandung (South),-7.0,107.6
2026-04-10T05:00,24.7,97,30.1,0.0,0.0,0.0,45,77,5.4,0.0,24140.0,Bandung (South),-7.0,107.6
2026-04-10T06:00,24.1,97,29.2,0.0,0.0,0.0,45,69,5.4,0.0,19920.0,Bandung (South),-7.0,107.6
2026-04-10T07:00,25.4,96,31.2,0.0,0.0,0.0,45,61,4.8,0.5,24140.0,Bandung (South),-7.0,107.6
2026-04-10T08:00,27.1,90,33.6,0.0,0.0,0.0,2,60,2.9,2.0,24140.0,Bandung (South),-7.0,107.6
2026-04-10T09:00,29.5,81,36.5,0.0,0.0,0.0,2,60,1.8,2.3,24140.0,Bandung (South),-7.0,107.6
2026-04-10T10:00,31.3,75,38.8,0.0,0.0,0.0,2,59,4.3,2.65,21080.0,Bandung (South),-7.0,107.6
2026-04-10T11:00,32.0,73,39.8,0.4,0.0,0.4,95,73,7.6,3.35,11680.0,Bandung (South),-7.0,107.6
2026-04-10T12:00,32.2,73,39.5,0.4,0.0,0.4,95,86,11.2,4.5,5380.0,Bandung (South),-7.0,107.6
2026-04-10T13:00,32.0,74,38.9,0.4,0.0,0.4,95,100,13.0,5.9,5560.0,Bandung (South),-7.0,107.6
2026-04-10T14:00,31.5,76,37.9,0.5,0.0,0.5,3,100,12.0,7.55,8360.0,Bandung (South),-7.0,107.6
2026-04-10T15:00,30.7,80,37.4,0.5,0.0,0.5,3,100,9.0,5.3,5540.0,Bandung (South),-7.0,107.6
2026-04-10T16:00,30.0,83,37.0,0.5,0.0,0.5,3,100,6.3,2.55,11660.0,Bandung (South),-7.0,107.6
2026-04-10T17:00,29.4,86,36.7,0.0,0.0,0.0,3,100,4.5,1.25,14820.0,Bandung (South),-7.0,107.6
2026-04-10T18:00,28.8,89,36.3,0.0,0.0,0.0,3,100,3.3,0.05,15200.0,Bandung (South),-7.0,107.6
2026-04-10T19:00,28.3,91,35.8,0.0,0.0,0.0,3,100,3.1,0.0,16900.0,Bandung (South),-7.0,107.6
2026-04-10T20:00,27.8,93,35.1,0.0,0.0,0.0,45,100,3.3,0.0,19160.0,Bandung (South),-7.0,107.6
2026-04-10T21:00,27.4,95,34.6,0.0,0.0,0.0,45,100,3.6,0.0,23960.0,Bandung (South),-7.0,107.6
2026-04-10T22:00,26.9,96,33.9,0.0,0.0,0.0,45,100,3.7,0.0,22140.0,Bandung (South),-7.0,107.6
2026-04-10T23:00,26.4,97,33.1,0.0,0.0,0.0,45,98,3.8,0.0,12840.0,Bandung (South),-7.0,107.6
2026-04-11T00:00,25.9,97,32.2,0.0,0.0,0.0,45,96,4.3,0.0,16740.0,Bandung (South),-7.0,107.6
2026-04-11T01:00,25.4,97,31.3,0.0,0.0,0.0,45,94,4.7,0.0,24140.0,Bandung (South),-7.0,107.6
2026-04-11T02:00,24.9,97,30.5,0.0,0.0,0.0,2,83,4.7,0.0,24140.0,Bandung (South),-7.0,107.6
2026-04-11T03:00,24.4,96,29.7,0.0,0.0,0.0,2,72,4.7,0.0,24140.0,Bandung (South),-7.0,107.6
2026-04-11T04:00,24.2,95,29.2,0.0,0.0,0.0,2,61,4.7,0.0,24140.0,Bandung (South),-7.0,107.6
2026-04-11T05:00,24.2,95,29.1,0.0,0.0,0.0,1,51,5.0,0.0,24140.0,Bandung (South),-7.0,107.6
2026-04-11T06:00,24.3,96,29.4,0.0,0.0,0.0,1,41,5.4,0.0,24140.0,Bandung (South),-7.0,107.6
2026-04-11T07:00,25.1,94,30.4,0.0,0.0,0.0,1,31,5.1,0.5,24140.0,Bandung (South),-7.0,107.6
2026-04-11T08:00,26.9,88,33.0,0.0,0.0,0.0,2,39,3.1,2.15,17280.0,Bandung (South),-7.0,107.6
2026-04-11T09:00,29.3,80,35.8,0.0,0.0,0.0,2,46,3.3,4.4,14800.0,Bandung (South),-7.0,107.6
2026-04-11T10:00,31.2,74,38.4,0.0,0.0,0.0,2,54,6.0,6.7,20540.0,Bandung (South),-7.0,107.6
2026-04-11T11:00,32.2,70,39.7,0.0,0.0,0.0,3,68,7.7,7.85,24140.0,Bandung (South),-7.0,107.6
2026-04-11T12:00,32.7,68,40.1,0.0,0.0,0.0,3,82,8.7,8.75,20580.0,Bandung (South),-7.0,107.6
2026-04-11T13:00,32.8,68,39.8,0.0,0.0,0.0,3,96,9.4,7.95,12660.0,Bandung (South),-7.0,107.6
2026-04-11T14:00,32.3,72,39.0,1.1,0.0,1.1,96,97,10.3,7.15,11360.0,Bandung (South),-7.0,107.6
2026-04-11T15:00,31.4,78,37.9,1.1,0.0,1.1,96,99,11.2,4.05,15880.0,Bandung (South),-7.0,107.6
2026-04-11T16:00,30.4,83,37.1,1.1,0.0,1.1,96,100,10.8,1.85,7700.0,Bandung (South),-7.0,107.6
2026-04-11T17:00,29.6,87,36.5,2.3,0.0,2.3,95,100,8.7,0.8,11060.0,Bandung (South),-7.0,107.6
2026-04-11T18:00,28.8,90,36.0,2.3,0.0,2.3,95,100,6.0,0.1,15380.0,Bandung (South),-7.0,107.6
2026-04-11T19:00,28.1,93,35.7,2.3,0.0,2.3,95,100,3.1,0.0,24140.0,Bandung (South),-7.0,107.6
2026-04-11T20:00,27.8,95,35.6,0.0,0.0,0.0,45,100,1.1,0.0,20900.0,Bandung (South),-7.0,107.6
2026-04-11T21:00,27.6,95,35.4,0.0,0.0,0.0,45,100,1.1,0.0,20520.0,Bandung (South),-7.0,107.6
2026-04-11T22:00,27.3,96,34.8,0.0,0.0,0.0,45,100,2.3,0.0,20500.0,Bandung (South),-7.0,107.6
2026-04-11T23:00,26.7,96,33.6,0.0,0.0,0.0,45,100,3.4,0.0,22900.0,Bandung (South),-7.0,107.6
2026-04-12T00:00,26.1,96,32.5,0.0,0.0,0.0,45,100,4.0,0.0,22580.0,Bandung (South),-7.0,107.6
2026-04-12T01:00,25.6,96,31.6,0.0,0.0,0.0,45,100,4.4,0.0,20040.0,Bandung (South),-7.0,107.6
2026-04-12T02:00,25.6,96,31.7,0.0,0.0,0.0,45,94,4.3,0.0,21400.0,Bandung (South),-7.0,107.6
2026-04-12T03:00,25.2,97,31.0,0.0,0.0,0.0,45,87,4.3,0.0,22780.0,Bandung (South),-7.0,107.6
2026-04-12T04:00,24.9,97,30.5,0.0,0.0,0.0,45,81,4.4,0.0,24140.0,Bandung (South),-7.0,107.6
2026-04-12T05:00,24.7,97,30.3,0.0,0.0,0.0,45,87,4.2,0.0,24140.0,Bandung (South),-7.0,107.6
2026-04-12T06:00,24.7,98,30.4,0.0,0.0,0.0,45,94,4.4,0.0,24140.0,Bandung (South),-7.0,107.6
2026-04-12T07:00,25.4,96,31.3,0.0,0.0,0.0,45,100,4.3,0.15,24140.0,Bandung (South),-7.0,107.6
2026-04-12T08:00,27.1,91,33.9,0.0,0.0,0.0,3,100,2.3,1.25,24140.0,Bandung (South),-7.0,107.6
2026-04-12T09:00,29.5,85,37.1,0.0,0.0,0.0,3,100,1.9,2.8,24140.0,Bandung (South),-7.0,107.6
2026-04-12T10:00,31.3,79,39.3,0.0,0.0,0.0,3,100,4.9,4.35,24140.0,Bandung (South),-7.0,107.6
2026-04-12T11:00,32.4,74,40.6,0.1,0.0,0.1,3,100,7.3,6.05,22780.0,Bandung (South),-7.0,107.6
2026-04-12T12:00,32.9,69,40.5,0.1,0.0,0.1,3,100,9.8,7.8,21440.0,Bandung (South),-7.0,107.6
2026-04-12T13:00,33.0,68,39.9,0.1,0.0,0.1,3,100,10.9,8.55,20080.0,Bandung (South),-7.0,107.6
2026-04-12T14:00,32.3,72,38.7,1.0,0.0,1.0,95,100,10.6,7.65,14940.0,Bandung (South),-7.0,107.6
2026-04-12T15:00,31.2,78,38.0,1.0,0.0,1.0,95,100,8.7,5.8,9780.0,Bandung (South),-7.0,107.6
2026-04-12T16:00,30.2,84,37.5,1.0,0.0,1.0,95,100,6.8,4.05,4640.0,Bandung (South),-7.0,107.6
2026-04-12T17:00,29.6,88,37.3,0.9,0.0,0.8,80,100,4.4,2.65,4960.0,Bandung (South),-7.0,107.6
2026-04-12T18:00,29.0,91,37.0,0.9,0.0,0.8,80,100,2.0,1.3,5300.0,Bandung (South),-7.0,107.6
2026-04-12T19:00,28.5,93,36.8,0.9,0.0,0.8,80,100,0.5,0.35,5620.0,Bandung (South),-7.0,107.6
2026-04-12T20:00,28.1,94,36.0,0.0,0.0,0.0,3,100,1.9,0.0,7320.0,Bandung (South),-7.0,107.6
2026-04-12T21:00,27.8,93,35.1,0.0,0.0,0.0,3,100,3.5,0.0,9000.0,Bandung (South),-7.0,107.6
2026-04-12T22:00,27.6,93,34.6,0.0,0.0,0.0,3,100,4.2,0.0,10700.0,Bandung (South),-7.0,107.6
2026-04-12T23:00,27.3,93,34.3,0.0,0.0,0.0,3,98,3.3,0.0,12660.0,Bandung (South),-7.0,107.6
2026-04-13T00:00,27.1,94,34.1,0.0,0.0,0.0,3,97,2.9,0.0,14640.0,Bandung (South),-7.0,107.6
2026-04-13T01:00,26.8,94,33.6,0.0,0.0,0.0,3,95,3.4,0.0,16600.0,Bandung (South),-7.0,107.6
2026-04-13T02:00,26.4,95,33.0,0.0,0.0,0.0,45,97,3.5,0.0,18140.0,Bandung (South),-7.0,107.6
2026-04-13T03:00,26.0,96,32.5,0.0,0.0,0.0,45,98,3.3,0.0,19680.0,Bandung (South),-7.0,107.6
2026-04-13T04:00,25.8,96,32.0,0.0,0.0,0.0,45,100,3.7,0.0,21220.0,Bandung (South),-7.0,107.6
2026-04-13T05:00,25.7,96,31.8,0.0,0.0,0.0,2,82,4.3,0.0,17040.0,Bandung (South),-7.0,107.6
2026-04-13T06:00,25.8,97,32.0,0.0,0.0,0.0,2,63,4.9,0.0,12880.0,Bandung (South),-7.0,107.6
2026-04-13T07:00,26.4,95,32.8,0.0,0.0,0.0,2,45,4.8,0.0,8700.0,Bandung (South),-7.0,107.6
2026-04-13T08:00,28.0,90,35.0,0.0,0.0,0.0,2,45,3.7,0.4,13320.0,Bandung (South),-7.0,107.6
2026-04-13T09:00,30.2,84,38.0,0.0,0.0,0.0,2,45,2.7,0.95,17960.0,Bandung (South),-7.0,107.6
2026-04-13T10:00,31.9,78,41.0,0.0,0.0,0.0,2,45,3.5,1.4,22580.0,Bandung (South),-7.0,107.6
2026-04-13T11:00,33.0,72,42.1,0.0,0.0,0.0,3,63,4.8,1.65,22740.0,Bandung (South),-7.0,107.6
2026-04-13T12:00,33.6,66,41.7,0.0,0.0,0.0,3,82,6.7,1.75,22920.0,Bandung (South),-7.0,107.6
2026-04-13T13:00,33.7,64,40.8,0.0,0.0,0.0,3,100,8.1,1.9,23080.0,Bandung (South),-7.0,107.6
2026-04-13T14:00,33.1,68,39.6,3.6,0.0,3.6,96,100,7.9,2.25,21740.0,Bandung (South),-7.0,107.6
2026-04-13T15:00,31.9,75,38.9,3.6,0.0,3.6,96,100,6.6,2.6,20400.0,Bandung (South),-7.0,107.6
2026-04-13T16:00,30.8,82,38.3,3.6,0.0,3.6,96,100,5.4,2.6,19060.0,Bandung (South),-7.0,107.6
2026-04-13T17:00,30.0,86,37.7,2.1,0.0,2.1,95,100,4.1,1.9,20760.0,Bandung (South),-7.0,107.6
2026-04-13T18:00,29.2,90,37.2,2.1,0.0,2.1,95,100,2.9,0.85,22440.0,Bandung (South),-7.0,107.6
2026-04-13T19:00,28.7,93,36.8,2.1,0.0,2.1,95,100,1.8,0.1,24140.0,Bandung (South),-7.0,107.6
2026-04-13T20:00,28.3,95,36.6,0.2,0.0,0.2,45,100,1.1,0.0,24140.0,Bandung (South),-7.0,107.6
2026-04-13T21:00,28.1,96,36.4,0.2,0.0,0.2,45,100,0.8,0.0,24140.0,Bandung (South),-7.0,107.6
2026-04-13T22:00,27.9,97,36.2,0.2,0.0,0.2,45,100,0.4,0.0,24140.0,Bandung (South),-7.0,107.6
2026-04-13T23:00,27.5,97,35.3,0.0,0.0,0.0,45,100,1.5,0.0,24140.0,Bandung (South),-7.0,107.6
2026-04-14T00:00,27.0,96,34.2,0.0,0.0,0.0,45,100,2.9,0.0,24140.0,Bandung (South),-7.0,107.6
2026-04-14T01:00,26.6,96,33.3,0.0,0.0,0.0,45,100,4.0,0.0,24140.0,Bandung (South),-7.0,107.6
2026-04-14T02:00,26.0,96,32.3,0.0,0.0,0.0,45,100,4.4,0.0,23020.0,Bandung (South),-7.0,107.6
2026-04-14T03:00,25.5,96,31.4,0.0,0.0,0.0,45,100,4.5,0.0,21920.0,Bandung (South),-7.0,107.6
2026-04-14T04:00,25.1,96,30.8,0.0,0.0,0.0,45,100,4.6,0.0,20800.0,Bandung (South),-7.0,107.6
2026-04-14T05:00,25.3,93,30.9,0.0,0.0,0.0,2,94,4.2,0.0,20740.0,Bandung (South),-7.0,107.6
2026-04-14T06:00,25.7,92,31.4,0.0,0.0,0.0,2,92,3.8,0.0,20700.0,Bandung (South),-7.0,107.6
2026-04-14T07:00,26.4,87,32.1,0.0,0.0,0.0,2,93,3.5,0.15,20640.0,Bandung (South),-7.0,107.6
2026-04-14T08:00,28.3,78,34.0,0.0,0.0,0.0,3,99,3.3,1.3,20580.0,Bandung (South),-7.0,107.6
2026-04-14T09:00,30.4,69,36.0,0.0,0.0,0.0,3,99,4.2,2.9,20500.0,Bandung (South),-7.0,107.6
2026-04-14T10:00,31.9,63,38.2,0.0,0.0,0.0,3,97,4.6,4.25,20440.0,Bandung (South),-7.0,107.6
2026-04-14T11:00,32.0,63,39.0,0.3,0.0,0.3,51,92,4.4,5.25,16760.0,Bandung (South),-7.0,107.6
2026-04-14T12:00,31.4,66,38.0,0.3,0.0,0.3,51,86,6.5,6.05,13100.0,Bandung (South),-7.0,107.6
2026-04-14T13:00,30.8,70,36.7,0.3,0.0,0.3,51,83,8.7,6.35,9420.0,Bandung (South),-7.0,107.6
2026-04-14T14:00,30.2,73,35.8,0.7,0.0,0.7,53,87,8.6,5.95,8620.0,Bandung (South),-7.0,107.6
2026-04-14T15:00,29.6,76,35.3,0.7,0.0,0.7,53,94,7.0,5.0,7820.0,Bandung (South),-7.0,107.6
2026-04-14T16:00,28.9,80,34.8,0.7,0.0,0.7,53,100,5.8,3.95,7020.0,Bandung (South),-7.0,107.6
2026-04-14T17:00,28.0,86,34.3,2.2,1.8,0.4,80,100,4.9,2.7,5180.0,Bandung (South),-7.0,107.6
2026-04-14T18:00,27.0,92,33.5,2.2,1.8,0.4,80,100,4.3,1.3,3340.0,Bandung (South),-7.0,107.6
2026-04-14T19:00,26.2,97,32.8,2.2,1.8,0.4,80,100,4.0,0.3,1500.0,Bandung (South),-7.0,107.6
2026-04-14T20:00,25.7,98,32.3,5.3,5.1,0.2,81,100,3.3,0.0,4700.0,Bandung (South),-7.0,107.6
2026-04-14T21:00,25.5,97,31.9,5.3,5.1,0.2,81,100,1.9,0.0,7880.0,Bandung (South),-7.0,107.6
2026-04-14T22:00,25.3,96,31.5,5.3,5.1,0.2,81,100,2.1,0.0,11080.0,Bandung (South),-7.0,107.6
2026-04-14T23:00,25.0,95,30.9,0.4,0.4,0.0,51,100,2.6,0.0,15440.0,Bandung (South),-7.0,107.6
